boundary_id,episode_id,episode_title,source_url,tracklist_url,track_number,track_title,split,original_time_seconds,window_start_seconds,window_end_seconds,method,excerpt_before,excerpt_after,decision,new_time_seconds,delta_seconds,reason,uncertainty,segments
joc-subculture-melbourne-2022-t01,joc-subculture-melbourne-2022,Joint Operations Centre LIVE @ Subculture Festival Melbourne 2022,https://soundcloud.com/johnocallaghan/jointops-melbourne,https://set79.com/tracklist/soundcloud.com/johnocallaghan/jointops-melbourne,1,Joint Operations Centre - Gizmo,evaluation,300.0,255.0,345.0,ina,output/excerpts/joc-subculture-melbourne-2022-t01-before.ogg,output/excerpts/joc-subculture-melbourne-2022-t01-after.ogg,suggestion,302.5,2.5,"INA classe le temps original dans une plage parole, puis un retour continu a la musique.",elevee_sans_ecoute_humaine,"[{""label"":""music"",""start"":255.0,""end"":297.74},{""label"":""speech"",""start"":297.74,""end"":302.5},{""label"":""music"",""start"":302.5,""end"":344.98}]"
joc-subculture-melbourne-2022-t01,joc-subculture-melbourne-2022,Joint Operations Centre LIVE @ Subculture Festival Melbourne 2022,https://soundcloud.com/johnocallaghan/jointops-melbourne,https://set79.com/tracklist/soundcloud.com/johnocallaghan/jointops-melbourne,1,Joint Operations Centre - Gizmo,evaluation,300.0,255.0,345.0,silero,output/excerpts/joc-subculture-melbourne-2022-t01-before.ogg,output/excerpts/joc-subculture-melbourne-2022-t01-after.ogg,abstention,,,Silero ne place pas le temps original dans une plage de parole.,elevee,"[{""label"":""non_speech"",""start"":255.0,""end"":345.0}]"
joc-subculture-melbourne-2022-t01,joc-subculture-melbourne-2022,Joint Operations Centre LIVE @ Subculture Festival Melbourne 2022,https://soundcloud.com/johnocallaghan/jointops-melbourne,https://set79.com/tracklist/soundcloud.com/johnocallaghan/jointops-melbourne,1,Joint Operations Centre - Gizmo,evaluation,300.0,255.0,345.0,consensus_ina_silero,output/excerpts/joc-subculture-melbourne-2022-t01-before.ogg,output/excerpts/joc-subculture-melbourne-2022-t01-after.ogg,abstention,,,Silero ne voit pas de parole englobante,moyenne_a_elevee,"{""ina"":[{""label"":""music"",""start"":255.0,""end"":297.74},{""label"":""speech"",""start"":297.74,""end"":302.5},{""label"":""music"",""start"":302.5,""end"":344.98}],""silero"":[{""label"":""non_speech"",""start"":255.0,""end"":345.0}]}"
joc-subculture-melbourne-2022-t02,joc-subculture-melbourne-2022,Joint Operations Centre LIVE @ Subculture Festival Melbourne 2022,https://soundcloud.com/johnocallaghan/jointops-melbourne,https://set79.com/tracklist/soundcloud.com/johnocallaghan/jointops-melbourne,2,John O'Callaghan feat. Audrey Gallagher - Big Sky,evaluation,912.0,867.0,957.0,ina,output/excerpts/joc-subculture-melbourne-2022-t02-before.ogg,output/excerpts/joc-subculture-melbourne-2022-t02-after.ogg,abstention,,,INA ne confirme pas une parole englobant le temps original suivie immediatement de musique.,moyenne_sans_ecoute_humaine,"[{""label"":""music"",""start"":867.0,""end"":879.36},{""label"":""speech"",""start"":879.36,""end"":884.96},{""label"":""music"",""start"":884.96,""end"":894.7},{""label"":""speech"",""start"":894.7,""end"":897.58},{""label"":""music"",""start"":897.58,""end"":956.98}]"
joc-subculture-melbourne-2022-t02,joc-subculture-melbourne-2022,Joint Operations Centre LIVE @ Subculture Festival Melbourne 2022,https://soundcloud.com/johnocallaghan/jointops-melbourne,https://set79.com/tracklist/soundcloud.com/johnocallaghan/jointops-melbourne,2,John O'Callaghan feat. Audrey Gallagher - Big Sky,evaluation,912.0,867.0,957.0,silero,output/excerpts/joc-subculture-melbourne-2022-t02-before.ogg,output/excerpts/joc-subculture-melbourne-2022-t02-after.ogg,abstention,,,Silero ne place pas le temps original dans une plage de parole.,elevee,"[{""label"":""non_speech"",""start"":867.0,""end"":957.0}]"
joc-subculture-melbourne-2022-t02,joc-subculture-melbourne-2022,Joint Operations Centre LIVE @ Subculture Festival Melbourne 2022,https://soundcloud.com/johnocallaghan/jointops-melbourne,https://set79.com/tracklist/soundcloud.com/johnocallaghan/jointops-melbourne,2,John O'Callaghan feat. Audrey Gallagher - Big Sky,evaluation,912.0,867.0,957.0,consensus_ina_silero,output/excerpts/joc-subculture-melbourne-2022-t02-before.ogg,output/excerpts/joc-subculture-melbourne-2022-t02-after.ogg,abstention,,,INA ne voit pas de parole englobante; Silero ne voit pas de parole englobante; retour musique INA insuffisant,moyenne_a_elevee,"{""ina"":[{""label"":""music"",""start"":867.0,""end"":879.36},{""label"":""speech"",""start"":879.36,""end"":884.96},{""label"":""music"",""start"":884.96,""end"":894.7},{""label"":""speech"",""start"":894.7,""end"":897.58},{""label"":""music"",""start"":897.58,""end"":956.98}],""silero"":[{""label"":""non_speech"",""start"":867.0,""end"":957.0}]}"
joc-subculture-melbourne-2022-t03,joc-subculture-melbourne-2022,Joint Operations Centre LIVE @ Subculture Festival Melbourne 2022,https://soundcloud.com/johnocallaghan/jointops-melbourne,https://set79.com/tracklist/soundcloud.com/johnocallaghan/jointops-melbourne,3,Joint Operations Centre & Kate Miles - Behind the Silence,evaluation,1200.0,1155.0,1245.0,ina,output/excerpts/joc-subculture-melbourne-2022-t03-before.ogg,output/excerpts/joc-subculture-melbourne-2022-t03-after.ogg,abstention,,,INA ne confirme pas une parole englobant le temps original suivie immediatement de musique.,moyenne_sans_ecoute_humaine,"[{""label"":""music"",""start"":1155.0,""end"":1244.98}]"
joc-subculture-melbourne-2022-t03,joc-subculture-melbourne-2022,Joint Operations Centre LIVE @ Subculture Festival Melbourne 2022,https://soundcloud.com/johnocallaghan/jointops-melbourne,https://set79.com/tracklist/soundcloud.com/johnocallaghan/jointops-melbourne,3,Joint Operations Centre & Kate Miles - Behind the Silence,evaluation,1200.0,1155.0,1245.0,silero,output/excerpts/joc-subculture-melbourne-2022-t03-before.ogg,output/excerpts/joc-subculture-melbourne-2022-t03-after.ogg,abstention,,,Silero ne place pas le temps original dans une plage de parole.,elevee,"[{""label"":""non_speech"",""start"":1155.0,""end"":1245.0}]"
joc-subculture-melbourne-2022-t03,joc-subculture-melbourne-2022,Joint Operations Centre LIVE @ Subculture Festival Melbourne 2022,https://soundcloud.com/johnocallaghan/jointops-melbourne,https://set79.com/tracklist/soundcloud.com/johnocallaghan/jointops-melbourne,3,Joint Operations Centre & Kate Miles - Behind the Silence,evaluation,1200.0,1155.0,1245.0,consensus_ina_silero,output/excerpts/joc-subculture-melbourne-2022-t03-before.ogg,output/excerpts/joc-subculture-melbourne-2022-t03-after.ogg,abstention,,,INA ne voit pas de parole englobante; Silero ne voit pas de parole englobante; retour musique INA insuffisant,moyenne_a_elevee,"{""ina"":[{""label"":""music"",""start"":1155.0,""end"":1244.98}],""silero"":[{""label"":""non_speech"",""start"":1155.0,""end"":1245.0}]}"
joc-subculture-melbourne-2022-t04,joc-subculture-melbourne-2022,Joint Operations Centre LIVE @ Subculture Festival Melbourne 2022,https://soundcloud.com/johnocallaghan/jointops-melbourne,https://set79.com/tracklist/soundcloud.com/johnocallaghan/jointops-melbourne,4,Unknown,evaluation,1356.0,1311.0,1401.0,ina,output/excerpts/joc-subculture-melbourne-2022-t04-before.ogg,output/excerpts/joc-subculture-melbourne-2022-t04-after.ogg,abstention,,,INA ne confirme pas une parole englobant le temps original suivie immediatement de musique.,moyenne_sans_ecoute_humaine,"[{""label"":""speech"",""start"":1311.0,""end"":1314.6},{""label"":""music"",""start"":1314.6,""end"":1380.04},{""label"":""speech"",""start"":1380.04,""end"":1384.72},{""label"":""music"",""start"":1384.72,""end"":1400.98}]"
joc-subculture-melbourne-2022-t04,joc-subculture-melbourne-2022,Joint Operations Centre LIVE @ Subculture Festival Melbourne 2022,https://soundcloud.com/johnocallaghan/jointops-melbourne,https://set79.com/tracklist/soundcloud.com/johnocallaghan/jointops-melbourne,4,Unknown,evaluation,1356.0,1311.0,1401.0,silero,output/excerpts/joc-subculture-melbourne-2022-t04-before.ogg,output/excerpts/joc-subculture-melbourne-2022-t04-after.ogg,abstention,,,Silero ne place pas le temps original dans une plage de parole.,elevee,"[{""label"":""non_speech"",""start"":1311.0,""end"":1401.0}]"
joc-subculture-melbourne-2022-t04,joc-subculture-melbourne-2022,Joint Operations Centre LIVE @ Subculture Festival Melbourne 2022,https://soundcloud.com/johnocallaghan/jointops-melbourne,https://set79.com/tracklist/soundcloud.com/johnocallaghan/jointops-melbourne,4,Unknown,evaluation,1356.0,1311.0,1401.0,consensus_ina_silero,output/excerpts/joc-subculture-melbourne-2022-t04-before.ogg,output/excerpts/joc-subculture-melbourne-2022-t04-after.ogg,abstention,,,INA ne voit pas de parole englobante; Silero ne voit pas de parole englobante; retour musique INA insuffisant,moyenne_a_elevee,"{""ina"":[{""label"":""speech"",""start"":1311.0,""end"":1314.6},{""label"":""music"",""start"":1314.6,""end"":1380.04},{""label"":""speech"",""start"":1380.04,""end"":1384.72},{""label"":""music"",""start"":1384.72,""end"":1400.98}],""silero"":[{""label"":""non_speech"",""start"":1311.0,""end"":1401.0}]}"
joc-subculture-melbourne-2022-t05,joc-subculture-melbourne-2022,Joint Operations Centre LIVE @ Subculture Festival Melbourne 2022,https://soundcloud.com/johnocallaghan/jointops-melbourne,https://set79.com/tracklist/soundcloud.com/johnocallaghan/jointops-melbourne,5,Green Velvet - Flash,evaluation,1824.0,1779.0,1869.0,ina,output/excerpts/joc-subculture-melbourne-2022-t05-before.ogg,output/excerpts/joc-subculture-melbourne-2022-t05-after.ogg,abstention,,,INA ne confirme pas une parole englobant le temps original suivie immediatement de musique.,moyenne_sans_ecoute_humaine,"[{""label"":""music"",""start"":1779.0,""end"":1868.98}]"
joc-subculture-melbourne-2022-t05,joc-subculture-melbourne-2022,Joint Operations Centre LIVE @ Subculture Festival Melbourne 2022,https://soundcloud.com/johnocallaghan/jointops-melbourne,https://set79.com/tracklist/soundcloud.com/johnocallaghan/jointops-melbourne,5,Green Velvet - Flash,evaluation,1824.0,1779.0,1869.0,silero,output/excerpts/joc-subculture-melbourne-2022-t05-before.ogg,output/excerpts/joc-subculture-melbourne-2022-t05-after.ogg,abstention,,,Silero ne place pas le temps original dans une plage de parole.,elevee,"[{""label"":""non_speech"",""start"":1779.0,""end"":1869.0}]"
joc-subculture-melbourne-2022-t05,joc-subculture-melbourne-2022,Joint Operations Centre LIVE @ Subculture Festival Melbourne 2022,https://soundcloud.com/johnocallaghan/jointops-melbourne,https://set79.com/tracklist/soundcloud.com/johnocallaghan/jointops-melbourne,5,Green Velvet - Flash,evaluation,1824.0,1779.0,1869.0,consensus_ina_silero,output/excerpts/joc-subculture-melbourne-2022-t05-before.ogg,output/excerpts/joc-subculture-melbourne-2022-t05-after.ogg,abstention,,,INA ne voit pas de parole englobante; Silero ne voit pas de parole englobante; retour musique INA insuffisant,moyenne_a_elevee,"{""ina"":[{""label"":""music"",""start"":1779.0,""end"":1868.98}],""silero"":[{""label"":""non_speech"",""start"":1779.0,""end"":1869.0}]}"
joc-subculture-melbourne-2022-t06,joc-subculture-melbourne-2022,Joint Operations Centre LIVE @ Subculture Festival Melbourne 2022,https://soundcloud.com/johnocallaghan/jointops-melbourne,https://set79.com/tracklist/soundcloud.com/johnocallaghan/jointops-melbourne,6,John Askew - Vandalism (Joint Operations Centre Remix),evaluation,2100.0,2055.0,2145.0,ina,output/excerpts/joc-subculture-melbourne-2022-t06-before.ogg,output/excerpts/joc-subculture-melbourne-2022-t06-after.ogg,abstention,,,INA ne confirme pas une parole englobant le temps original suivie immediatement de musique.,moyenne_sans_ecoute_humaine,"[{""label"":""music"",""start"":2055.0,""end"":2144.98}]"
joc-subculture-melbourne-2022-t06,joc-subculture-melbourne-2022,Joint Operations Centre LIVE @ Subculture Festival Melbourne 2022,https://soundcloud.com/johnocallaghan/jointops-melbourne,https://set79.com/tracklist/soundcloud.com/johnocallaghan/jointops-melbourne,6,John Askew - Vandalism (Joint Operations Centre Remix),evaluation,2100.0,2055.0,2145.0,silero,output/excerpts/joc-subculture-melbourne-2022-t06-before.ogg,output/excerpts/joc-subculture-melbourne-2022-t06-after.ogg,abstention,,,Silero ne place pas le temps original dans une plage de parole.,elevee,"[{""label"":""non_speech"",""start"":2055.0,""end"":2145.0}]"
joc-subculture-melbourne-2022-t06,joc-subculture-melbourne-2022,Joint Operations Centre LIVE @ Subculture Festival Melbourne 2022,https://soundcloud.com/johnocallaghan/jointops-melbourne,https://set79.com/tracklist/soundcloud.com/johnocallaghan/jointops-melbourne,6,John Askew - Vandalism (Joint Operations Centre Remix),evaluation,2100.0,2055.0,2145.0,consensus_ina_silero,output/excerpts/joc-subculture-melbourne-2022-t06-before.ogg,output/excerpts/joc-subculture-melbourne-2022-t06-after.ogg,abstention,,,INA ne voit pas de parole englobante; Silero ne voit pas de parole englobante; retour musique INA insuffisant,moyenne_a_elevee,"{""ina"":[{""label"":""music"",""start"":2055.0,""end"":2144.98}],""silero"":[{""label"":""non_speech"",""start"":2055.0,""end"":2145.0}]}"
joc-subculture-melbourne-2022-t07,joc-subculture-melbourne-2022,Joint Operations Centre LIVE @ Subculture Festival Melbourne 2022,https://soundcloud.com/johnocallaghan/jointops-melbourne,https://set79.com/tracklist/soundcloud.com/johnocallaghan/jointops-melbourne,7,Joint Operations Centre - Hunter,evaluation,2256.0,2211.0,2301.0,ina,output/excerpts/joc-subculture-melbourne-2022-t07-before.ogg,output/excerpts/joc-subculture-melbourne-2022-t07-after.ogg,abstention,,,INA ne confirme pas une parole englobant le temps original suivie immediatement de musique.,moyenne_sans_ecoute_humaine,"[{""label"":""music"",""start"":2211.0,""end"":2300.98}]"
joc-subculture-melbourne-2022-t07,joc-subculture-melbourne-2022,Joint Operations Centre LIVE @ Subculture Festival Melbourne 2022,https://soundcloud.com/johnocallaghan/jointops-melbourne,https://set79.com/tracklist/soundcloud.com/johnocallaghan/jointops-melbourne,7,Joint Operations Centre - Hunter,evaluation,2256.0,2211.0,2301.0,silero,output/excerpts/joc-subculture-melbourne-2022-t07-before.ogg,output/excerpts/joc-subculture-melbourne-2022-t07-after.ogg,abstention,,,Silero ne place pas le temps original dans une plage de parole.,elevee,"[{""label"":""non_speech"",""start"":2211.0,""end"":2301.0}]"
joc-subculture-melbourne-2022-t07,joc-subculture-melbourne-2022,Joint Operations Centre LIVE @ Subculture Festival Melbourne 2022,https://soundcloud.com/johnocallaghan/jointops-melbourne,https://set79.com/tracklist/soundcloud.com/johnocallaghan/jointops-melbourne,7,Joint Operations Centre - Hunter,evaluation,2256.0,2211.0,2301.0,consensus_ina_silero,output/excerpts/joc-subculture-melbourne-2022-t07-before.ogg,output/excerpts/joc-subculture-melbourne-2022-t07-after.ogg,abstention,,,INA ne voit pas de parole englobante; Silero ne voit pas de parole englobante; retour musique INA insuffisant,moyenne_a_elevee,"{""ina"":[{""label"":""music"",""start"":2211.0,""end"":2300.98}],""silero"":[{""label"":""non_speech"",""start"":2211.0,""end"":2301.0}]}"
joc-subculture-melbourne-2022-t08,joc-subculture-melbourne-2022,Joint Operations Centre LIVE @ Subculture Festival Melbourne 2022,https://soundcloud.com/johnocallaghan/jointops-melbourne,https://set79.com/tracklist/soundcloud.com/johnocallaghan/jointops-melbourne,8,Mauro Picotto - Iguana,evaluation,2508.0,2463.0,2553.0,ina,output/excerpts/joc-subculture-melbourne-2022-t08-before.ogg,output/excerpts/joc-subculture-melbourne-2022-t08-after.ogg,abstention,,,INA ne confirme pas une parole englobant le temps original suivie immediatement de musique.,moyenne_sans_ecoute_humaine,"[{""label"":""music"",""start"":2463.0,""end"":2552.98}]"
joc-subculture-melbourne-2022-t08,joc-subculture-melbourne-2022,Joint Operations Centre LIVE @ Subculture Festival Melbourne 2022,https://soundcloud.com/johnocallaghan/jointops-melbourne,https://set79.com/tracklist/soundcloud.com/johnocallaghan/jointops-melbourne,8,Mauro Picotto - Iguana,evaluation,2508.0,2463.0,2553.0,silero,output/excerpts/joc-subculture-melbourne-2022-t08-before.ogg,output/excerpts/joc-subculture-melbourne-2022-t08-after.ogg,abstention,,,Silero ne place pas le temps original dans une plage de parole.,elevee,"[{""label"":""non_speech"",""start"":2463.0,""end"":2553.0}]"
joc-subculture-melbourne-2022-t08,joc-subculture-melbourne-2022,Joint Operations Centre LIVE @ Subculture Festival Melbourne 2022,https://soundcloud.com/johnocallaghan/jointops-melbourne,https://set79.com/tracklist/soundcloud.com/johnocallaghan/jointops-melbourne,8,Mauro Picotto - Iguana,evaluation,2508.0,2463.0,2553.0,consensus_ina_silero,output/excerpts/joc-subculture-melbourne-2022-t08-before.ogg,output/excerpts/joc-subculture-melbourne-2022-t08-after.ogg,abstention,,,INA ne voit pas de parole englobante; Silero ne voit pas de parole englobante; retour musique INA insuffisant,moyenne_a_elevee,"{""ina"":[{""label"":""music"",""start"":2463.0,""end"":2552.98}],""silero"":[{""label"":""non_speech"",""start"":2463.0,""end"":2553.0}]}"
joc-subculture-melbourne-2022-t09,joc-subculture-melbourne-2022,Joint Operations Centre LIVE @ Subculture Festival Melbourne 2022,https://soundcloud.com/johnocallaghan/jointops-melbourne,https://set79.com/tracklist/soundcloud.com/johnocallaghan/jointops-melbourne,9,Wippenberg - U R (John O'Callaghan edit),evaluation,2712.0,2667.0,2757.0,ina,output/excerpts/joc-subculture-melbourne-2022-t09-before.ogg,output/excerpts/joc-subculture-melbourne-2022-t09-after.ogg,abstention,,,INA ne confirme pas une parole englobant le temps original suivie immediatement de musique.,moyenne_sans_ecoute_humaine,"[{""label"":""music"",""start"":2667.0,""end"":2756.98}]"
joc-subculture-melbourne-2022-t09,joc-subculture-melbourne-2022,Joint Operations Centre LIVE @ Subculture Festival Melbourne 2022,https://soundcloud.com/johnocallaghan/jointops-melbourne,https://set79.com/tracklist/soundcloud.com/johnocallaghan/jointops-melbourne,9,Wippenberg - U R (John O'Callaghan edit),evaluation,2712.0,2667.0,2757.0,silero,output/excerpts/joc-subculture-melbourne-2022-t09-before.ogg,output/excerpts/joc-subculture-melbourne-2022-t09-after.ogg,abstention,,,Silero ne place pas le temps original dans une plage de parole.,elevee,"[{""label"":""non_speech"",""start"":2667.0,""end"":2757.0}]"
joc-subculture-melbourne-2022-t09,joc-subculture-melbourne-2022,Joint Operations Centre LIVE @ Subculture Festival Melbourne 2022,https://soundcloud.com/johnocallaghan/jointops-melbourne,https://set79.com/tracklist/soundcloud.com/johnocallaghan/jointops-melbourne,9,Wippenberg - U R (John O'Callaghan edit),evaluation,2712.0,2667.0,2757.0,consensus_ina_silero,output/excerpts/joc-subculture-melbourne-2022-t09-before.ogg,output/excerpts/joc-subculture-melbourne-2022-t09-after.ogg,abstention,,,INA ne voit pas de parole englobante; Silero ne voit pas de parole englobante; retour musique INA insuffisant,moyenne_a_elevee,"{""ina"":[{""label"":""music"",""start"":2667.0,""end"":2756.98}],""silero"":[{""label"":""non_speech"",""start"":2667.0,""end"":2757.0}]}"
joc-subculture-melbourne-2022-t10,joc-subculture-melbourne-2022,Joint Operations Centre LIVE @ Subculture Festival Melbourne 2022,https://soundcloud.com/johnocallaghan/jointops-melbourne,https://set79.com/tracklist/soundcloud.com/johnocallaghan/jointops-melbourne,10,Jon O'Bir feat. Fisher - Found A Way (Joint Operations Centre Remix),evaluation,2880.0,2835.0,2925.0,ina,output/excerpts/joc-subculture-melbourne-2022-t10-before.ogg,output/excerpts/joc-subculture-melbourne-2022-t10-after.ogg,abstention,,,INA ne confirme pas une parole englobant le temps original suivie immediatement de musique.,moyenne_sans_ecoute_humaine,"[{""label"":""music"",""start"":2835.0,""end"":2921.72},{""label"":""speech"",""start"":2921.72,""end"":2924.98}]"
joc-subculture-melbourne-2022-t10,joc-subculture-melbourne-2022,Joint Operations Centre LIVE @ Subculture Festival Melbourne 2022,https://soundcloud.com/johnocallaghan/jointops-melbourne,https://set79.com/tracklist/soundcloud.com/johnocallaghan/jointops-melbourne,10,Jon O'Bir feat. Fisher - Found A Way (Joint Operations Centre Remix),evaluation,2880.0,2835.0,2925.0,silero,output/excerpts/joc-subculture-melbourne-2022-t10-before.ogg,output/excerpts/joc-subculture-melbourne-2022-t10-after.ogg,abstention,,,Silero ne place pas le temps original dans une plage de parole.,elevee,"[{""label"":""non_speech"",""start"":2835.0,""end"":2925.0}]"
joc-subculture-melbourne-2022-t10,joc-subculture-melbourne-2022,Joint Operations Centre LIVE @ Subculture Festival Melbourne 2022,https://soundcloud.com/johnocallaghan/jointops-melbourne,https://set79.com/tracklist/soundcloud.com/johnocallaghan/jointops-melbourne,10,Jon O'Bir feat. Fisher - Found A Way (Joint Operations Centre Remix),evaluation,2880.0,2835.0,2925.0,consensus_ina_silero,output/excerpts/joc-subculture-melbourne-2022-t10-before.ogg,output/excerpts/joc-subculture-melbourne-2022-t10-after.ogg,abstention,,,INA ne voit pas de parole englobante; Silero ne voit pas de parole englobante; retour musique INA insuffisant,moyenne_a_elevee,"{""ina"":[{""label"":""music"",""start"":2835.0,""end"":2921.72},{""label"":""speech"",""start"":2921.72,""end"":2924.98}],""silero"":[{""label"":""non_speech"",""start"":2835.0,""end"":2925.0}]}"
joc-subculture-melbourne-2022-t11,joc-subculture-melbourne-2022,Joint Operations Centre LIVE @ Subculture Festival Melbourne 2022,https://soundcloud.com/johnocallaghan/jointops-melbourne,https://set79.com/tracklist/soundcloud.com/johnocallaghan/jointops-melbourne,11,Axel Karakasis - Pull the Trigger (Joint Operations Centre Remix),evaluation,3168.0,3123.0,3213.0,ina,output/excerpts/joc-subculture-melbourne-2022-t11-before.ogg,output/excerpts/joc-subculture-melbourne-2022-t11-after.ogg,abstention,,,INA ne confirme pas une parole englobant le temps original suivie immediatement de musique.,moyenne_sans_ecoute_humaine,"[{""label"":""music"",""start"":3123.0,""end"":3212.98}]"
joc-subculture-melbourne-2022-t11,joc-subculture-melbourne-2022,Joint Operations Centre LIVE @ Subculture Festival Melbourne 2022,https://soundcloud.com/johnocallaghan/jointops-melbourne,https://set79.com/tracklist/soundcloud.com/johnocallaghan/jointops-melbourne,11,Axel Karakasis - Pull the Trigger (Joint Operations Centre Remix),evaluation,3168.0,3123.0,3213.0,silero,output/excerpts/joc-subculture-melbourne-2022-t11-before.ogg,output/excerpts/joc-subculture-melbourne-2022-t11-after.ogg,abstention,,,Silero ne place pas le temps original dans une plage de parole.,elevee,"[{""label"":""non_speech"",""start"":3123.0,""end"":3213.0}]"
joc-subculture-melbourne-2022-t11,joc-subculture-melbourne-2022,Joint Operations Centre LIVE @ Subculture Festival Melbourne 2022,https://soundcloud.com/johnocallaghan/jointops-melbourne,https://set79.com/tracklist/soundcloud.com/johnocallaghan/jointops-melbourne,11,Axel Karakasis - Pull the Trigger (Joint Operations Centre Remix),evaluation,3168.0,3123.0,3213.0,consensus_ina_silero,output/excerpts/joc-subculture-melbourne-2022-t11-before.ogg,output/excerpts/joc-subculture-melbourne-2022-t11-after.ogg,abstention,,,INA ne voit pas de parole englobante; Silero ne voit pas de parole englobante; retour musique INA insuffisant,moyenne_a_elevee,"{""ina"":[{""label"":""music"",""start"":3123.0,""end"":3212.98}],""silero"":[{""label"":""non_speech"",""start"":3123.0,""end"":3213.0}]}"
joc-subculture-melbourne-2022-t12,joc-subculture-melbourne-2022,Joint Operations Centre LIVE @ Subculture Festival Melbourne 2022,https://soundcloud.com/johnocallaghan/jointops-melbourne,https://set79.com/tracklist/soundcloud.com/johnocallaghan/jointops-melbourne,12,Lorenzo Chi - Off,evaluation,3324.0,3279.0,3369.0,ina,output/excerpts/joc-subculture-melbourne-2022-t12-before.ogg,output/excerpts/joc-subculture-melbourne-2022-t12-after.ogg,abstention,,,INA ne confirme pas une parole englobant le temps original suivie immediatement de musique.,moyenne_sans_ecoute_humaine,"[{""label"":""music"",""start"":3279.0,""end"":3368.98}]"
joc-subculture-melbourne-2022-t12,joc-subculture-melbourne-2022,Joint Operations Centre LIVE @ Subculture Festival Melbourne 2022,https://soundcloud.com/johnocallaghan/jointops-melbourne,https://set79.com/tracklist/soundcloud.com/johnocallaghan/jointops-melbourne,12,Lorenzo Chi - Off,evaluation,3324.0,3279.0,3369.0,silero,output/excerpts/joc-subculture-melbourne-2022-t12-before.ogg,output/excerpts/joc-subculture-melbourne-2022-t12-after.ogg,abstention,,,Silero ne place pas le temps original dans une plage de parole.,elevee,"[{""label"":""non_speech"",""start"":3279.0,""end"":3369.0}]"
joc-subculture-melbourne-2022-t12,joc-subculture-melbourne-2022,Joint Operations Centre LIVE @ Subculture Festival Melbourne 2022,https://soundcloud.com/johnocallaghan/jointops-melbourne,https://set79.com/tracklist/soundcloud.com/johnocallaghan/jointops-melbourne,12,Lorenzo Chi - Off,evaluation,3324.0,3279.0,3369.0,consensus_ina_silero,output/excerpts/joc-subculture-melbourne-2022-t12-before.ogg,output/excerpts/joc-subculture-melbourne-2022-t12-after.ogg,abstention,,,INA ne voit pas de parole englobante; Silero ne voit pas de parole englobante; retour musique INA insuffisant,moyenne_a_elevee,"{""ina"":[{""label"":""music"",""start"":3279.0,""end"":3368.98}],""silero"":[{""label"":""non_speech"",""start"":3279.0,""end"":3369.0}]}"
key4050-transmission-bangkok-2024-t02,key4050-transmission-bangkok-2024,John O'Callaghan & Bryan Kearney pres. Key4050 - Live @ Transmission Bangkok 2024,https://soundcloud.com/unitedmusicevents/john-ocallaghan-bryan-kearney,https://set79.com/tracklist/soundcloud.com/unitedmusicevents/john-ocallaghan-bryan-kearney,2,Rank 1 - Airwave (Radio Vocal Edit),tuning,252.0,207.0,297.0,ina,output/excerpts/key4050-transmission-bangkok-2024-t02-before.ogg,output/excerpts/key4050-transmission-bangkok-2024-t02-after.ogg,abstention,,,INA ne confirme pas une parole englobant le temps original suivie immediatement de musique.,moyenne_sans_ecoute_humaine,"[{""label"":""music"",""start"":207.0,""end"":209.02},{""label"":""speech"",""start"":209.02,""end"":212.08},{""label"":""noEnergy"",""start"":212.08,""end"":213.76},{""label"":""speech"",""start"":213.76,""end"":218.28},{""label"":""music"",""start"":218.28,""end"":296.98}]"
key4050-transmission-bangkok-2024-t02,key4050-transmission-bangkok-2024,John O'Callaghan & Bryan Kearney pres. Key4050 - Live @ Transmission Bangkok 2024,https://soundcloud.com/unitedmusicevents/john-ocallaghan-bryan-kearney,https://set79.com/tracklist/soundcloud.com/unitedmusicevents/john-ocallaghan-bryan-kearney,2,Rank 1 - Airwave (Radio Vocal Edit),tuning,252.0,207.0,297.0,silero,output/excerpts/key4050-transmission-bangkok-2024-t02-before.ogg,output/excerpts/key4050-transmission-bangkok-2024-t02-after.ogg,abstention,,,Silero ne place pas le temps original dans une plage de parole.,elevee,"[{""label"":""non_speech"",""start"":207.0,""end"":215.546},{""label"":""speech"",""start"":215.546,""end"":217.334},{""label"":""non_speech"",""start"":217.334,""end"":217.658},{""label"":""speech"",""start"":217.658,""end"":218.294},{""label"":""non_speech"",""start"":218.294,""end"":237.626},{""label"":""speech"",""start"":237.626,""end"":238.326},{""label"":""non_speech"",""start"":238.326,""end"":297.0}]"
key4050-transmission-bangkok-2024-t02,key4050-transmission-bangkok-2024,John O'Callaghan & Bryan Kearney pres. Key4050 - Live @ Transmission Bangkok 2024,https://soundcloud.com/unitedmusicevents/john-ocallaghan-bryan-kearney,https://set79.com/tracklist/soundcloud.com/unitedmusicevents/john-ocallaghan-bryan-kearney,2,Rank 1 - Airwave (Radio Vocal Edit),tuning,252.0,207.0,297.0,consensus_ina_silero,output/excerpts/key4050-transmission-bangkok-2024-t02-before.ogg,output/excerpts/key4050-transmission-bangkok-2024-t02-after.ogg,abstention,,,INA ne voit pas de parole englobante; Silero ne voit pas de parole englobante; retour musique INA insuffisant,moyenne_a_elevee,"{""ina"":[{""label"":""music"",""start"":207.0,""end"":209.02},{""label"":""speech"",""start"":209.02,""end"":212.08},{""label"":""noEnergy"",""start"":212.08,""end"":213.76},{""label"":""speech"",""start"":213.76,""end"":218.28},{""label"":""music"",""start"":218.28,""end"":296.98}],""silero"":[{""label"":""non_speech"",""start"":207.0,""end"":215.546},{""label"":""speech"",""start"":215.546,""end"":217.334},{""label"":""non_speech"",""start"":217.334,""end"":217.658},{""label"":""speech"",""start"":217.658,""end"":218.294},{""label"":""non_speech"",""start"":218.294,""end"":237.626},{""label"":""speech"",""start"":237.626,""end"":238.326},{""label"":""non_speech"",""start"":238.326,""end"":297.0}]}"
key4050-transmission-bangkok-2024-t03,key4050-transmission-bangkok-2024,John O'Callaghan & Bryan Kearney pres. Key4050 - Live @ Transmission Bangkok 2024,https://soundcloud.com/unitedmusicevents/john-ocallaghan-bryan-kearney,https://set79.com/tracklist/soundcloud.com/unitedmusicevents/john-ocallaghan-bryan-kearney,3,Key4050 - Want More,tuning,456.0,411.0,501.0,ina,output/excerpts/key4050-transmission-bangkok-2024-t03-before.ogg,output/excerpts/key4050-transmission-bangkok-2024-t03-after.ogg,abstention,,,INA ne confirme pas une parole englobant le temps original suivie immediatement de musique.,moyenne_sans_ecoute_humaine,"[{""label"":""speech"",""start"":411.0,""end"":441.68},{""label"":""music"",""start"":441.68,""end"":500.98}]"
key4050-transmission-bangkok-2024-t03,key4050-transmission-bangkok-2024,John O'Callaghan & Bryan Kearney pres. Key4050 - Live @ Transmission Bangkok 2024,https://soundcloud.com/unitedmusicevents/john-ocallaghan-bryan-kearney,https://set79.com/tracklist/soundcloud.com/unitedmusicevents/john-ocallaghan-bryan-kearney,3,Key4050 - Want More,tuning,456.0,411.0,501.0,silero,output/excerpts/key4050-transmission-bangkok-2024-t03-before.ogg,output/excerpts/key4050-transmission-bangkok-2024-t03-after.ogg,abstention,,,Silero ne place pas le temps original dans une plage de parole.,elevee,"[{""label"":""non_speech"",""start"":411.0,""end"":501.0}]"
key4050-transmission-bangkok-2024-t03,key4050-transmission-bangkok-2024,John O'Callaghan & Bryan Kearney pres. Key4050 - Live @ Transmission Bangkok 2024,https://soundcloud.com/unitedmusicevents/john-ocallaghan-bryan-kearney,https://set79.com/tracklist/soundcloud.com/unitedmusicevents/john-ocallaghan-bryan-kearney,3,Key4050 - Want More,tuning,456.0,411.0,501.0,consensus_ina_silero,output/excerpts/key4050-transmission-bangkok-2024-t03-before.ogg,output/excerpts/key4050-transmission-bangkok-2024-t03-after.ogg,abstention,,,INA ne voit pas de parole englobante; Silero ne voit pas de parole englobante; retour musique INA insuffisant,moyenne_a_elevee,"{""ina"":[{""label"":""speech"",""start"":411.0,""end"":441.68},{""label"":""music"",""start"":441.68,""end"":500.98}],""silero"":[{""label"":""non_speech"",""start"":411.0,""end"":501.0}]}"
key4050-transmission-bangkok-2024-t04,key4050-transmission-bangkok-2024,John O'Callaghan & Bryan Kearney pres. Key4050 - Live @ Transmission Bangkok 2024,https://soundcloud.com/unitedmusicevents/john-ocallaghan-bryan-kearney,https://set79.com/tracklist/soundcloud.com/unitedmusicevents/john-ocallaghan-bryan-kearney,4,Armin van Buuren feat. Susana - Shivers (Rising Star Mix),tuning,684.0,639.0,729.0,ina,output/excerpts/key4050-transmission-bangkok-2024-t04-before.ogg,output/excerpts/key4050-transmission-bangkok-2024-t04-after.ogg,abstention,,,INA ne confirme pas une parole englobant le temps original suivie immediatement de musique.,moyenne_sans_ecoute_humaine,"[{""label"":""music"",""start"":639.0,""end"":728.98}]"
key4050-transmission-bangkok-2024-t04,key4050-transmission-bangkok-2024,John O'Callaghan & Bryan Kearney pres. Key4050 - Live @ Transmission Bangkok 2024,https://soundcloud.com/unitedmusicevents/john-ocallaghan-bryan-kearney,https://set79.com/tracklist/soundcloud.com/unitedmusicevents/john-ocallaghan-bryan-kearney,4,Armin van Buuren feat. Susana - Shivers (Rising Star Mix),tuning,684.0,639.0,729.0,silero,output/excerpts/key4050-transmission-bangkok-2024-t04-before.ogg,output/excerpts/key4050-transmission-bangkok-2024-t04-after.ogg,abstention,,,Silero ne place pas le temps original dans une plage de parole.,elevee,"[{""label"":""non_speech"",""start"":639.0,""end"":729.0}]"
key4050-transmission-bangkok-2024-t04,key4050-transmission-bangkok-2024,John O'Callaghan & Bryan Kearney pres. Key4050 - Live @ Transmission Bangkok 2024,https://soundcloud.com/unitedmusicevents/john-ocallaghan-bryan-kearney,https://set79.com/tracklist/soundcloud.com/unitedmusicevents/john-ocallaghan-bryan-kearney,4,Armin van Buuren feat. Susana - Shivers (Rising Star Mix),tuning,684.0,639.0,729.0,consensus_ina_silero,output/excerpts/key4050-transmission-bangkok-2024-t04-before.ogg,output/excerpts/key4050-transmission-bangkok-2024-t04-after.ogg,abstention,,,INA ne voit pas de parole englobante; Silero ne voit pas de parole englobante; retour musique INA insuffisant,moyenne_a_elevee,"{""ina"":[{""label"":""music"",""start"":639.0,""end"":728.98}],""silero"":[{""label"":""non_speech"",""start"":639.0,""end"":729.0}]}"
key4050-transmission-bangkok-2024-t05,key4050-transmission-bangkok-2024,John O'Callaghan & Bryan Kearney pres. Key4050 - Live @ Transmission Bangkok 2024,https://soundcloud.com/unitedmusicevents/john-ocallaghan-bryan-kearney,https://set79.com/tracklist/soundcloud.com/unitedmusicevents/john-ocallaghan-bryan-kearney,5,Key4050 - Feel Less,tuning,1092.0,1047.0,1137.0,ina,output/excerpts/key4050-transmission-bangkok-2024-t05-before.ogg,output/excerpts/key4050-transmission-bangkok-2024-t05-after.ogg,abstention,,,INA ne confirme pas une parole englobant le temps original suivie immediatement de musique.,moyenne_sans_ecoute_humaine,"[{""label"":""music"",""start"":1047.0,""end"":1136.98}]"
key4050-transmission-bangkok-2024-t05,key4050-transmission-bangkok-2024,John O'Callaghan & Bryan Kearney pres. Key4050 - Live @ Transmission Bangkok 2024,https://soundcloud.com/unitedmusicevents/john-ocallaghan-bryan-kearney,https://set79.com/tracklist/soundcloud.com/unitedmusicevents/john-ocallaghan-bryan-kearney,5,Key4050 - Feel Less,tuning,1092.0,1047.0,1137.0,silero,output/excerpts/key4050-transmission-bangkok-2024-t05-before.ogg,output/excerpts/key4050-transmission-bangkok-2024-t05-after.ogg,abstention,,,Silero ne place pas le temps original dans une plage de parole.,elevee,"[{""label"":""non_speech"",""start"":1047.0,""end"":1137.0}]"
key4050-transmission-bangkok-2024-t05,key4050-transmission-bangkok-2024,John O'Callaghan & Bryan Kearney pres. Key4050 - Live @ Transmission Bangkok 2024,https://soundcloud.com/unitedmusicevents/john-ocallaghan-bryan-kearney,https://set79.com/tracklist/soundcloud.com/unitedmusicevents/john-ocallaghan-bryan-kearney,5,Key4050 - Feel Less,tuning,1092.0,1047.0,1137.0,consensus_ina_silero,output/excerpts/key4050-transmission-bangkok-2024-t05-before.ogg,output/excerpts/key4050-transmission-bangkok-2024-t05-after.ogg,abstention,,,INA ne voit pas de parole englobante; Silero ne voit pas de parole englobante; retour musique INA insuffisant,moyenne_a_elevee,"{""ina"":[{""label"":""music"",""start"":1047.0,""end"":1136.98}],""silero"":[{""label"":""non_speech"",""start"":1047.0,""end"":1137.0}]}"
key4050-transmission-bangkok-2024-t06,key4050-transmission-bangkok-2024,John O'Callaghan & Bryan Kearney pres. Key4050 - Live @ Transmission Bangkok 2024,https://soundcloud.com/unitedmusicevents/john-ocallaghan-bryan-kearney,https://set79.com/tracklist/soundcloud.com/unitedmusicevents/john-ocallaghan-bryan-kearney,6,Unknown,tuning,1260.0,1215.0,1305.0,ina,output/excerpts/key4050-transmission-bangkok-2024-t06-before.ogg,output/excerpts/key4050-transmission-bangkok-2024-t06-after.ogg,abstention,,,INA ne confirme pas une parole englobant le temps original suivie immediatement de musique.,moyenne_sans_ecoute_humaine,"[{""label"":""music"",""start"":1215.0,""end"":1304.98}]"
key4050-transmission-bangkok-2024-t06,key4050-transmission-bangkok-2024,John O'Callaghan & Bryan Kearney pres. Key4050 - Live @ Transmission Bangkok 2024,https://soundcloud.com/unitedmusicevents/john-ocallaghan-bryan-kearney,https://set79.com/tracklist/soundcloud.com/unitedmusicevents/john-ocallaghan-bryan-kearney,6,Unknown,tuning,1260.0,1215.0,1305.0,silero,output/excerpts/key4050-transmission-bangkok-2024-t06-before.ogg,output/excerpts/key4050-transmission-bangkok-2024-t06-after.ogg,abstention,,,Silero ne place pas le temps original dans une plage de parole.,elevee,"[{""label"":""non_speech"",""start"":1215.0,""end"":1305.0}]"
key4050-transmission-bangkok-2024-t06,key4050-transmission-bangkok-2024,John O'Callaghan & Bryan Kearney pres. Key4050 - Live @ Transmission Bangkok 2024,https://soundcloud.com/unitedmusicevents/john-ocallaghan-bryan-kearney,https://set79.com/tracklist/soundcloud.com/unitedmusicevents/john-ocallaghan-bryan-kearney,6,Unknown,tuning,1260.0,1215.0,1305.0,consensus_ina_silero,output/excerpts/key4050-transmission-bangkok-2024-t06-before.ogg,output/excerpts/key4050-transmission-bangkok-2024-t06-after.ogg,abstention,,,INA ne voit pas de parole englobante; Silero ne voit pas de parole englobante; retour musique INA insuffisant,moyenne_a_elevee,"{""ina"":[{""label"":""music"",""start"":1215.0,""end"":1304.98}],""silero"":[{""label"":""non_speech"",""start"":1215.0,""end"":1305.0}]}"
key4050-transmission-bangkok-2024-t07,key4050-transmission-bangkok-2024,John O'Callaghan & Bryan Kearney pres. Key4050 - Live @ Transmission Bangkok 2024,https://soundcloud.com/unitedmusicevents/john-ocallaghan-bryan-kearney,https://set79.com/tracklist/soundcloud.com/unitedmusicevents/john-ocallaghan-bryan-kearney,7,Bryan Kearney & Bo Bruce - Shine a Light (Sean Tyas Remix),evaluation,1476.0,1431.0,1521.0,ina,output/excerpts/key4050-transmission-bangkok-2024-t07-before.ogg,output/excerpts/key4050-transmission-bangkok-2024-t07-after.ogg,abstention,,,INA ne confirme pas une parole englobant le temps original suivie immediatement de musique.,moyenne_sans_ecoute_humaine,"[{""label"":""music"",""start"":1431.0,""end"":1492.8},{""label"":""speech"",""start"":1492.8,""end"":1495.56},{""label"":""music"",""start"":1495.56,""end"":1520.98}]"
key4050-transmission-bangkok-2024-t07,key4050-transmission-bangkok-2024,John O'Callaghan & Bryan Kearney pres. Key4050 - Live @ Transmission Bangkok 2024,https://soundcloud.com/unitedmusicevents/john-ocallaghan-bryan-kearney,https://set79.com/tracklist/soundcloud.com/unitedmusicevents/john-ocallaghan-bryan-kearney,7,Bryan Kearney & Bo Bruce - Shine a Light (Sean Tyas Remix),evaluation,1476.0,1431.0,1521.0,silero,output/excerpts/key4050-transmission-bangkok-2024-t07-before.ogg,output/excerpts/key4050-transmission-bangkok-2024-t07-after.ogg,abstention,,,Silero ne place pas le temps original dans une plage de parole.,elevee,"[{""label"":""non_speech"",""start"":1431.0,""end"":1521.0}]"
key4050-transmission-bangkok-2024-t07,key4050-transmission-bangkok-2024,John O'Callaghan & Bryan Kearney pres. Key4050 - Live @ Transmission Bangkok 2024,https://soundcloud.com/unitedmusicevents/john-ocallaghan-bryan-kearney,https://set79.com/tracklist/soundcloud.com/unitedmusicevents/john-ocallaghan-bryan-kearney,7,Bryan Kearney & Bo Bruce - Shine a Light (Sean Tyas Remix),evaluation,1476.0,1431.0,1521.0,consensus_ina_silero,output/excerpts/key4050-transmission-bangkok-2024-t07-before.ogg,output/excerpts/key4050-transmission-bangkok-2024-t07-after.ogg,abstention,,,INA ne voit pas de parole englobante; Silero ne voit pas de parole englobante; retour musique INA insuffisant,moyenne_a_elevee,"{""ina"":[{""label"":""music"",""start"":1431.0,""end"":1492.8},{""label"":""speech"",""start"":1492.8,""end"":1495.56},{""label"":""music"",""start"":1495.56,""end"":1520.98}],""silero"":[{""label"":""non_speech"",""start"":1431.0,""end"":1521.0}]}"
key4050-transmission-bangkok-2024-t08,key4050-transmission-bangkok-2024,John O'Callaghan & Bryan Kearney pres. Key4050 - Live @ Transmission Bangkok 2024,https://soundcloud.com/unitedmusicevents/john-ocallaghan-bryan-kearney,https://set79.com/tracklist/soundcloud.com/unitedmusicevents/john-ocallaghan-bryan-kearney,8,Key4050 - Just a Dream,evaluation,1764.0,1719.0,1809.0,ina,output/excerpts/key4050-transmission-bangkok-2024-t08-before.ogg,output/excerpts/key4050-transmission-bangkok-2024-t08-after.ogg,abstention,,,INA ne confirme pas une parole englobant le temps original suivie immediatement de musique.,moyenne_sans_ecoute_humaine,"[{""label"":""music"",""start"":1719.0,""end"":1805.24},{""label"":""speech"",""start"":1805.24,""end"":1808.98}]"
key4050-transmission-bangkok-2024-t08,key4050-transmission-bangkok-2024,John O'Callaghan & Bryan Kearney pres. Key4050 - Live @ Transmission Bangkok 2024,https://soundcloud.com/unitedmusicevents/john-ocallaghan-bryan-kearney,https://set79.com/tracklist/soundcloud.com/unitedmusicevents/john-ocallaghan-bryan-kearney,8,Key4050 - Just a Dream,evaluation,1764.0,1719.0,1809.0,silero,output/excerpts/key4050-transmission-bangkok-2024-t08-before.ogg,output/excerpts/key4050-transmission-bangkok-2024-t08-after.ogg,abstention,,,Silero ne place pas le temps original dans une plage de parole.,elevee,"[{""label"":""non_speech"",""start"":1719.0,""end"":1809.0}]"
key4050-transmission-bangkok-2024-t08,key4050-transmission-bangkok-2024,John O'Callaghan & Bryan Kearney pres. Key4050 - Live @ Transmission Bangkok 2024,https://soundcloud.com/unitedmusicevents/john-ocallaghan-bryan-kearney,https://set79.com/tracklist/soundcloud.com/unitedmusicevents/john-ocallaghan-bryan-kearney,8,Key4050 - Just a Dream,evaluation,1764.0,1719.0,1809.0,consensus_ina_silero,output/excerpts/key4050-transmission-bangkok-2024-t08-before.ogg,output/excerpts/key4050-transmission-bangkok-2024-t08-after.ogg,abstention,,,INA ne voit pas de parole englobante; Silero ne voit pas de parole englobante; retour musique INA insuffisant,moyenne_a_elevee,"{""ina"":[{""label"":""music"",""start"":1719.0,""end"":1805.24},{""label"":""speech"",""start"":1805.24,""end"":1808.98}],""silero"":[{""label"":""non_speech"",""start"":1719.0,""end"":1809.0}]}"
key4050-transmission-bangkok-2024-t09,key4050-transmission-bangkok-2024,John O'Callaghan & Bryan Kearney pres. Key4050 - Live @ Transmission Bangkok 2024,https://soundcloud.com/unitedmusicevents/john-ocallaghan-bryan-kearney,https://set79.com/tracklist/soundcloud.com/unitedmusicevents/john-ocallaghan-bryan-kearney,9,Key4050 - Pikachu,evaluation,1932.0,1887.0,1977.0,ina,output/excerpts/key4050-transmission-bangkok-2024-t09-before.ogg,output/excerpts/key4050-transmission-bangkok-2024-t09-after.ogg,abstention,,,INA ne confirme pas une parole englobant le temps original suivie immediatement de musique.,moyenne_sans_ecoute_humaine,"[{""label"":""music"",""start"":1887.0,""end"":1976.98}]"
key4050-transmission-bangkok-2024-t09,key4050-transmission-bangkok-2024,John O'Callaghan & Bryan Kearney pres. Key4050 - Live @ Transmission Bangkok 2024,https://soundcloud.com/unitedmusicevents/john-ocallaghan-bryan-kearney,https://set79.com/tracklist/soundcloud.com/unitedmusicevents/john-ocallaghan-bryan-kearney,9,Key4050 - Pikachu,evaluation,1932.0,1887.0,1977.0,silero,output/excerpts/key4050-transmission-bangkok-2024-t09-before.ogg,output/excerpts/key4050-transmission-bangkok-2024-t09-after.ogg,abstention,,,Silero ne place pas le temps original dans une plage de parole.,elevee,"[{""label"":""non_speech"",""start"":1887.0,""end"":1977.0}]"
key4050-transmission-bangkok-2024-t09,key4050-transmission-bangkok-2024,John O'Callaghan & Bryan Kearney pres. Key4050 - Live @ Transmission Bangkok 2024,https://soundcloud.com/unitedmusicevents/john-ocallaghan-bryan-kearney,https://set79.com/tracklist/soundcloud.com/unitedmusicevents/john-ocallaghan-bryan-kearney,9,Key4050 - Pikachu,evaluation,1932.0,1887.0,1977.0,consensus_ina_silero,output/excerpts/key4050-transmission-bangkok-2024-t09-before.ogg,output/excerpts/key4050-transmission-bangkok-2024-t09-after.ogg,abstention,,,INA ne voit pas de parole englobante; Silero ne voit pas de parole englobante; retour musique INA insuffisant,moyenne_a_elevee,"{""ina"":[{""label"":""music"",""start"":1887.0,""end"":1976.98}],""silero"":[{""label"":""non_speech"",""start"":1887.0,""end"":1977.0}]}"
key4050-transmission-bangkok-2024-t10,key4050-transmission-bangkok-2024,John O'Callaghan & Bryan Kearney pres. Key4050 - Live @ Transmission Bangkok 2024,https://soundcloud.com/unitedmusicevents/john-ocallaghan-bryan-kearney,https://set79.com/tracklist/soundcloud.com/unitedmusicevents/john-ocallaghan-bryan-kearney,10,"John O'Callaghan, Paul Skelton & Ren Faye - May the Road Rise",evaluation,2148.0,2103.0,2193.0,ina,output/excerpts/key4050-transmission-bangkok-2024-t10-before.ogg,output/excerpts/key4050-transmission-bangkok-2024-t10-after.ogg,abstention,,,INA ne confirme pas une parole englobant le temps original suivie immediatement de musique.,moyenne_sans_ecoute_humaine,"[{""label"":""music"",""start"":2103.0,""end"":2192.98}]"
key4050-transmission-bangkok-2024-t10,key4050-transmission-bangkok-2024,John O'Callaghan & Bryan Kearney pres. Key4050 - Live @ Transmission Bangkok 2024,https://soundcloud.com/unitedmusicevents/john-ocallaghan-bryan-kearney,https://set79.com/tracklist/soundcloud.com/unitedmusicevents/john-ocallaghan-bryan-kearney,10,"John O'Callaghan, Paul Skelton & Ren Faye - May the Road Rise",evaluation,2148.0,2103.0,2193.0,silero,output/excerpts/key4050-transmission-bangkok-2024-t10-before.ogg,output/excerpts/key4050-transmission-bangkok-2024-t10-after.ogg,abstention,,,Silero ne place pas le temps original dans une plage de parole.,elevee,"[{""label"":""non_speech"",""start"":2103.0,""end"":2193.0}]"
key4050-transmission-bangkok-2024-t10,key4050-transmission-bangkok-2024,John O'Callaghan & Bryan Kearney pres. Key4050 - Live @ Transmission Bangkok 2024,https://soundcloud.com/unitedmusicevents/john-ocallaghan-bryan-kearney,https://set79.com/tracklist/soundcloud.com/unitedmusicevents/john-ocallaghan-bryan-kearney,10,"John O'Callaghan, Paul Skelton & Ren Faye - May the Road Rise",evaluation,2148.0,2103.0,2193.0,consensus_ina_silero,output/excerpts/key4050-transmission-bangkok-2024-t10-before.ogg,output/excerpts/key4050-transmission-bangkok-2024-t10-after.ogg,abstention,,,INA ne voit pas de parole englobante; Silero ne voit pas de parole englobante; retour musique INA insuffisant,moyenne_a_elevee,"{""ina"":[{""label"":""music"",""start"":2103.0,""end"":2192.98}],""silero"":[{""label"":""non_speech"",""start"":2103.0,""end"":2193.0}]}"
key4050-transmission-bangkok-2024-t11,key4050-transmission-bangkok-2024,John O'Callaghan & Bryan Kearney pres. Key4050 - Live @ Transmission Bangkok 2024,https://soundcloud.com/unitedmusicevents/john-ocallaghan-bryan-kearney,https://set79.com/tracklist/soundcloud.com/unitedmusicevents/john-ocallaghan-bryan-kearney,11,Bryan Kearney - Now Is the Time,evaluation,2484.0,2439.0,2529.0,ina,output/excerpts/key4050-transmission-bangkok-2024-t11-before.ogg,output/excerpts/key4050-transmission-bangkok-2024-t11-after.ogg,abstention,,,INA ne confirme pas une parole englobant le temps original suivie immediatement de musique.,moyenne_sans_ecoute_humaine,"[{""label"":""music"",""start"":2439.0,""end"":2528.98}]"
key4050-transmission-bangkok-2024-t11,key4050-transmission-bangkok-2024,John O'Callaghan & Bryan Kearney pres. Key4050 - Live @ Transmission Bangkok 2024,https://soundcloud.com/unitedmusicevents/john-ocallaghan-bryan-kearney,https://set79.com/tracklist/soundcloud.com/unitedmusicevents/john-ocallaghan-bryan-kearney,11,Bryan Kearney - Now Is the Time,evaluation,2484.0,2439.0,2529.0,silero,output/excerpts/key4050-transmission-bangkok-2024-t11-before.ogg,output/excerpts/key4050-transmission-bangkok-2024-t11-after.ogg,abstention,,,Silero ne place pas le temps original dans une plage de parole.,elevee,"[{""label"":""non_speech"",""start"":2439.0,""end"":2529.0}]"
key4050-transmission-bangkok-2024-t11,key4050-transmission-bangkok-2024,John O'Callaghan & Bryan Kearney pres. Key4050 - Live @ Transmission Bangkok 2024,https://soundcloud.com/unitedmusicevents/john-ocallaghan-bryan-kearney,https://set79.com/tracklist/soundcloud.com/unitedmusicevents/john-ocallaghan-bryan-kearney,11,Bryan Kearney - Now Is the Time,evaluation,2484.0,2439.0,2529.0,consensus_ina_silero,output/excerpts/key4050-transmission-bangkok-2024-t11-before.ogg,output/excerpts/key4050-transmission-bangkok-2024-t11-after.ogg,abstention,,,INA ne voit pas de parole englobante; Silero ne voit pas de parole englobante; retour musique INA insuffisant,moyenne_a_elevee,"{""ina"":[{""label"":""music"",""start"":2439.0,""end"":2528.98}],""silero"":[{""label"":""non_speech"",""start"":2439.0,""end"":2529.0}]}"
key4050-transmission-bangkok-2024-t12,key4050-transmission-bangkok-2024,John O'Callaghan & Bryan Kearney pres. Key4050 - Live @ Transmission Bangkok 2024,https://soundcloud.com/unitedmusicevents/john-ocallaghan-bryan-kearney,https://set79.com/tracklist/soundcloud.com/unitedmusicevents/john-ocallaghan-bryan-kearney,12,Key4050 - Egon,evaluation,2832.0,2787.0,2877.0,ina,output/excerpts/key4050-transmission-bangkok-2024-t12-before.ogg,output/excerpts/key4050-transmission-bangkok-2024-t12-after.ogg,abstention,,,INA ne confirme pas une parole englobant le temps original suivie immediatement de musique.,moyenne_sans_ecoute_humaine,"[{""label"":""music"",""start"":2787.0,""end"":2835.44},{""label"":""speech"",""start"":2835.44,""end"":2837.88},{""label"":""music"",""start"":2837.88,""end"":2863.84},{""label"":""speech"",""start"":2863.84,""end"":2876.98}]"
key4050-transmission-bangkok-2024-t12,key4050-transmission-bangkok-2024,John O'Callaghan & Bryan Kearney pres. Key4050 - Live @ Transmission Bangkok 2024,https://soundcloud.com/unitedmusicevents/john-ocallaghan-bryan-kearney,https://set79.com/tracklist/soundcloud.com/unitedmusicevents/john-ocallaghan-bryan-kearney,12,Key4050 - Egon,evaluation,2832.0,2787.0,2877.0,silero,output/excerpts/key4050-transmission-bangkok-2024-t12-before.ogg,output/excerpts/key4050-transmission-bangkok-2024-t12-after.ogg,abstention,,,Silero ne place pas le temps original dans une plage de parole.,elevee,"[{""label"":""non_speech"",""start"":2787.0,""end"":2877.0}]"
key4050-transmission-bangkok-2024-t12,key4050-transmission-bangkok-2024,John O'Callaghan & Bryan Kearney pres. Key4050 - Live @ Transmission Bangkok 2024,https://soundcloud.com/unitedmusicevents/john-ocallaghan-bryan-kearney,https://set79.com/tracklist/soundcloud.com/unitedmusicevents/john-ocallaghan-bryan-kearney,12,Key4050 - Egon,evaluation,2832.0,2787.0,2877.0,consensus_ina_silero,output/excerpts/key4050-transmission-bangkok-2024-t12-before.ogg,output/excerpts/key4050-transmission-bangkok-2024-t12-after.ogg,abstention,,,INA ne voit pas de parole englobante; Silero ne voit pas de parole englobante; retour musique INA insuffisant,moyenne_a_elevee,"{""ina"":[{""label"":""music"",""start"":2787.0,""end"":2835.44},{""label"":""speech"",""start"":2835.44,""end"":2837.88},{""label"":""music"",""start"":2837.88,""end"":2863.84},{""label"":""speech"",""start"":2863.84,""end"":2876.98}],""silero"":[{""label"":""non_speech"",""start"":2787.0,""end"":2877.0}]}"
key4050-transmission-bangkok-2024-t13,key4050-transmission-bangkok-2024,John O'Callaghan & Bryan Kearney pres. Key4050 - Live @ Transmission Bangkok 2024,https://soundcloud.com/unitedmusicevents/john-ocallaghan-bryan-kearney,https://set79.com/tracklist/soundcloud.com/unitedmusicevents/john-ocallaghan-bryan-kearney,13,John O'Callaghan & Bryan Kearney - Pendulum,evaluation,3012.0,2967.0,3057.0,ina,output/excerpts/key4050-transmission-bangkok-2024-t13-before.ogg,output/excerpts/key4050-transmission-bangkok-2024-t13-after.ogg,abstention,,,INA ne confirme pas une parole englobant le temps original suivie immediatement de musique.,moyenne_sans_ecoute_humaine,"[{""label"":""speech"",""start"":2967.0,""end"":2986.48},{""label"":""music"",""start"":2986.48,""end"":3056.98}]"
key4050-transmission-bangkok-2024-t13,key4050-transmission-bangkok-2024,John O'Callaghan & Bryan Kearney pres. Key4050 - Live @ Transmission Bangkok 2024,https://soundcloud.com/unitedmusicevents/john-ocallaghan-bryan-kearney,https://set79.com/tracklist/soundcloud.com/unitedmusicevents/john-ocallaghan-bryan-kearney,13,John O'Callaghan & Bryan Kearney - Pendulum,evaluation,3012.0,2967.0,3057.0,silero,output/excerpts/key4050-transmission-bangkok-2024-t13-before.ogg,output/excerpts/key4050-transmission-bangkok-2024-t13-after.ogg,abstention,,,Silero ne place pas le temps original dans une plage de parole.,elevee,"[{""label"":""non_speech"",""start"":2967.0,""end"":2972.442},{""label"":""speech"",""start"":2972.442,""end"":2973.238},{""label"":""non_speech"",""start"":2973.238,""end"":3057.0}]"
key4050-transmission-bangkok-2024-t13,key4050-transmission-bangkok-2024,John O'Callaghan & Bryan Kearney pres. Key4050 - Live @ Transmission Bangkok 2024,https://soundcloud.com/unitedmusicevents/john-ocallaghan-bryan-kearney,https://set79.com/tracklist/soundcloud.com/unitedmusicevents/john-ocallaghan-bryan-kearney,13,John O'Callaghan & Bryan Kearney - Pendulum,evaluation,3012.0,2967.0,3057.0,consensus_ina_silero,output/excerpts/key4050-transmission-bangkok-2024-t13-before.ogg,output/excerpts/key4050-transmission-bangkok-2024-t13-after.ogg,abstention,,,INA ne voit pas de parole englobante; Silero ne voit pas de parole englobante; retour musique INA insuffisant,moyenne_a_elevee,"{""ina"":[{""label"":""speech"",""start"":2967.0,""end"":2986.48},{""label"":""music"",""start"":2986.48,""end"":3056.98}],""silero"":[{""label"":""non_speech"",""start"":2967.0,""end"":2972.442},{""label"":""speech"",""start"":2972.442,""end"":2973.238},{""label"":""non_speech"",""start"":2973.238,""end"":3057.0}]}"
key4050-transmission-bangkok-2024-t14,key4050-transmission-bangkok-2024,John O'Callaghan & Bryan Kearney pres. Key4050 - Live @ Transmission Bangkok 2024,https://soundcloud.com/unitedmusicevents/john-ocallaghan-bryan-kearney,https://set79.com/tracklist/soundcloud.com/unitedmusicevents/john-ocallaghan-bryan-kearney,14,Key4050 & Plumb - I Love You,evaluation,3204.0,3159.0,3249.0,ina,output/excerpts/key4050-transmission-bangkok-2024-t14-before.ogg,output/excerpts/key4050-transmission-bangkok-2024-t14-after.ogg,abstention,,,INA ne confirme pas une parole englobant le temps original suivie immediatement de musique.,moyenne_sans_ecoute_humaine,"[{""label"":""music"",""start"":3159.0,""end"":3248.98}]"
key4050-transmission-bangkok-2024-t14,key4050-transmission-bangkok-2024,John O'Callaghan & Bryan Kearney pres. Key4050 - Live @ Transmission Bangkok 2024,https://soundcloud.com/unitedmusicevents/john-ocallaghan-bryan-kearney,https://set79.com/tracklist/soundcloud.com/unitedmusicevents/john-ocallaghan-bryan-kearney,14,Key4050 & Plumb - I Love You,evaluation,3204.0,3159.0,3249.0,silero,output/excerpts/key4050-transmission-bangkok-2024-t14-before.ogg,output/excerpts/key4050-transmission-bangkok-2024-t14-after.ogg,abstention,,,Silero ne place pas le temps original dans une plage de parole.,elevee,"[{""label"":""non_speech"",""start"":3159.0,""end"":3249.0}]"
key4050-transmission-bangkok-2024-t14,key4050-transmission-bangkok-2024,John O'Callaghan & Bryan Kearney pres. Key4050 - Live @ Transmission Bangkok 2024,https://soundcloud.com/unitedmusicevents/john-ocallaghan-bryan-kearney,https://set79.com/tracklist/soundcloud.com/unitedmusicevents/john-ocallaghan-bryan-kearney,14,Key4050 & Plumb - I Love You,evaluation,3204.0,3159.0,3249.0,consensus_ina_silero,output/excerpts/key4050-transmission-bangkok-2024-t14-before.ogg,output/excerpts/key4050-transmission-bangkok-2024-t14-after.ogg,abstention,,,INA ne voit pas de parole englobante; Silero ne voit pas de parole englobante; retour musique INA insuffisant,moyenne_a_elevee,"{""ina"":[{""label"":""music"",""start"":3159.0,""end"":3248.98}],""silero"":[{""label"":""non_speech"",""start"":3159.0,""end"":3249.0}]}"
