episode_id,episode_title,boundary_id,source_order,track_number,track_title,base_provenance,base_source_url,base_code_path,base_time_seconds,local_detection_count,eligible_detection_count,nearby_detection_ids,closest_detection_id,closest_detection_time_seconds,closest_detection_confidence,retained_detection_id,retained_detection_time_seconds,retained_detection_confidence,decision,reason,automatic_combined_time_seconds,automatic_displacement_seconds,human_validation_status,existing_human_time_seconds,human_only_time_seconds,automatic_plus_human_time_seconds,automatic_plus_human_source,reference_provenance,reference_time_seconds,base_signed_error_seconds,base_absolute_error_seconds,automatic_combined_signed_error_seconds,automatic_combined_absolute_error_seconds,automatic_effect_vs_base_source_concordance,human_only_signed_error_seconds,automatic_plus_human_signed_error_seconds
pure-trance-radio-492,Pure Trance Radio Podcast 492,pure-trance-radio-492-t02,1,2,Midnight Evolution - Dreams,CueNation cuesheet,https://cuenation.com/?page=tracklist&folder=puretranceradio&filename=Solarstone+-+Pure+Trance+Radio+492.cue,server/tracklist.py::parse_tracklist + align_tracklist,82.0,1,1,"[""pure-trance-radio-492-d001""]",pure-trance-radio-492-d001,82.74,0.9962,pure-trance-radio-492-d001,82.74,0.9962,adjusted_automatically,adjusted_unique_reliable_voice_end_then_music,82.74,0.74,validated_for_lab_only,82.74,82.74,82.74,existing_human_correction,CueNation cuesheet (same source as raw base),82.0,0.0,0.0,0.74,0.74,degraded,0.74,0.74
pure-trance-radio-492,Pure Trance Radio Podcast 492,pure-trance-radio-492-t03,2,3,metakomplex & Orkidea - Dream of You,CueNation cuesheet,https://cuenation.com/?page=tracklist&folder=puretranceradio&filename=Solarstone+-+Pure+Trance+Radio+492.cue,server/tracklist.py::parse_tracklist + align_tracklist,388.0,1,0,"[""pure-trance-radio-492-d003""]",pure-trance-radio-492-d003,387.76,0.8204,,,,abstention,abstention_no_detection_in_forward_interval,388.0,0.0,none,,388.0,388.0,raw_base,CueNation cuesheet (same source as raw base),388.0,0.0,0.0,0.0,0.0,unchanged,0.0,0.0
pure-trance-radio-492,Pure Trance Radio Podcast 492,pure-trance-radio-492-t04,3,4,Emran Badalov - Scorpio Rider (Hazem Beltagui Remix),CueNation cuesheet,https://cuenation.com/?page=tracklist&folder=puretranceradio&filename=Solarstone+-+Pure+Trance+Radio+492.cue,server/tracklist.py::parse_tracklist + align_tracklist,658.0,1,0,"[""pure-trance-radio-492-d005""]",pure-trance-radio-492-d005,653.28,0.8754,,,,abstention,abstention_no_detection_in_forward_interval,658.0,0.0,none,,658.0,658.0,raw_base,CueNation cuesheet (same source as raw base),658.0,0.0,0.0,0.0,0.0,unchanged,0.0,0.0
pure-trance-radio-492,Pure Trance Radio Podcast 492,pure-trance-radio-492-t05,4,5,Soul Alt Delete - Copycat,CueNation cuesheet,https://cuenation.com/?page=tracklist&folder=puretranceradio&filename=Solarstone+-+Pure+Trance+Radio+492.cue,server/tracklist.py::parse_tracklist + align_tracklist,1034.0,0,0,[],,,,,,,abstention,abstention_no_detection_in_local_window,1034.0,0.0,none,,1034.0,1034.0,raw_base,CueNation cuesheet (same source as raw base),1034.0,0.0,0.0,0.0,0.0,unchanged,0.0,0.0
pure-trance-radio-492,Pure Trance Radio Podcast 492,pure-trance-radio-492-t06,5,6,Allende - The Weight,CueNation cuesheet,https://cuenation.com/?page=tracklist&folder=puretranceradio&filename=Solarstone+-+Pure+Trance+Radio+492.cue,server/tracklist.py::parse_tracklist + align_tracklist,1380.0,0,0,[],,,,,,,abstention,abstention_no_detection_in_local_window,1380.0,0.0,none,,1380.0,1380.0,raw_base,CueNation cuesheet (same source as raw base),1380.0,0.0,0.0,0.0,0.0,unchanged,0.0,0.0
pure-trance-radio-492,Pure Trance Radio Podcast 492,pure-trance-radio-492-t07,6,7,Protoculture - Telemetry,CueNation cuesheet,https://cuenation.com/?page=tracklist&folder=puretranceradio&filename=Solarstone+-+Pure+Trance+Radio+492.cue,server/tracklist.py::parse_tracklist + align_tracklist,1710.0,0,0,[],,,,,,,abstention,abstention_no_detection_in_local_window,1710.0,0.0,none,,1710.0,1710.0,raw_base,CueNation cuesheet (same source as raw base),1710.0,0.0,0.0,0.0,0.0,unchanged,0.0,0.0
pure-trance-radio-492,Pure Trance Radio Podcast 492,pure-trance-radio-492-t08,7,8,Dusky - Lab,CueNation cuesheet,https://cuenation.com/?page=tracklist&folder=puretranceradio&filename=Solarstone+-+Pure+Trance+Radio+492.cue,server/tracklist.py::parse_tracklist + align_tracklist,2040.0,0,0,[],,,,,,,abstention,abstention_no_detection_in_local_window,2040.0,0.0,none,,2040.0,2040.0,raw_base,CueNation cuesheet (same source as raw base),2040.0,0.0,0.0,0.0,0.0,unchanged,0.0,0.0
pure-trance-radio-492,Pure Trance Radio Podcast 492,pure-trance-radio-492-t09,8,9,ARCHERY - KEEP IT GOIN',CueNation cuesheet,https://cuenation.com/?page=tracklist&folder=puretranceradio&filename=Solarstone+-+Pure+Trance+Radio+492.cue,server/tracklist.py::parse_tracklist + align_tracklist,2323.0,0,0,[],,,,,,,abstention,abstention_no_detection_in_local_window,2323.0,0.0,none,,2323.0,2323.0,raw_base,CueNation cuesheet (same source as raw base),2323.0,0.0,0.0,0.0,0.0,unchanged,0.0,0.0
pure-trance-radio-492,Pure Trance Radio Podcast 492,pure-trance-radio-492-t10,9,10,Peter Steele - Summer Breeze,CueNation cuesheet,https://cuenation.com/?page=tracklist&folder=puretranceradio&filename=Solarstone+-+Pure+Trance+Radio+492.cue,server/tracklist.py::parse_tracklist + align_tracklist,2679.0,0,0,[],,,,,,,abstention,abstention_no_detection_in_local_window,2679.0,0.0,none,,2679.0,2679.0,raw_base,CueNation cuesheet (same source as raw base),2679.0,0.0,0.0,0.0,0.0,unchanged,0.0,0.0
pure-trance-radio-492,Pure Trance Radio Podcast 492,pure-trance-radio-492-t11,10,11,FKN & Tom Bro feat. Emily Orchard - Fading Blue,CueNation cuesheet,https://cuenation.com/?page=tracklist&folder=puretranceradio&filename=Solarstone+-+Pure+Trance+Radio+492.cue,server/tracklist.py::parse_tracklist + align_tracklist,2974.0,0,0,[],,,,,,,abstention,abstention_no_detection_in_local_window,2974.0,0.0,none,,2974.0,2974.0,raw_base,CueNation cuesheet (same source as raw base),2974.0,0.0,0.0,0.0,0.0,unchanged,0.0,0.0
pure-trance-radio-492,Pure Trance Radio Podcast 492,pure-trance-radio-492-t12,11,12,Thrillseekers pres. Hydra - Amber (Asteroid Remix),CueNation cuesheet,https://cuenation.com/?page=tracklist&folder=puretranceradio&filename=Solarstone+-+Pure+Trance+Radio+492.cue,server/tracklist.py::parse_tracklist + align_tracklist,3210.0,0,0,[],,,,,,,abstention,abstention_no_detection_in_local_window,3210.0,0.0,none,,3210.0,3210.0,raw_base,CueNation cuesheet (same source as raw base),3210.0,0.0,0.0,0.0,0.0,unchanged,0.0,0.0
pure-trance-radio-492,Pure Trance Radio Podcast 492,pure-trance-radio-492-t13,12,13,Bryan Kearney & John O'Callaghan pres. Key4050 - Final Memory,CueNation cuesheet,https://cuenation.com/?page=tracklist&folder=puretranceradio&filename=Solarstone+-+Pure+Trance+Radio+492.cue,server/tracklist.py::parse_tracklist + align_tracklist,3649.0,1,0,"[""pure-trance-radio-492-d015""]",pure-trance-radio-492-d015,3646.02,0.9928,,,,abstention,abstention_no_detection_in_forward_interval,3649.0,0.0,none,,3649.0,3649.0,raw_base,CueNation cuesheet (same source as raw base),3649.0,0.0,0.0,0.0,0.0,unchanged,0.0,0.0
pure-trance-radio-492,Pure Trance Radio Podcast 492,pure-trance-radio-492-t14,13,14,Asteroid - Spectra,CueNation cuesheet,https://cuenation.com/?page=tracklist&folder=puretranceradio&filename=Solarstone+-+Pure+Trance+Radio+492.cue,server/tracklist.py::parse_tracklist + align_tracklist,3953.0,1,0,"[""pure-trance-radio-492-d018""]",pure-trance-radio-492-d018,3952.9,0.83,,,,abstention,abstention_no_detection_in_forward_interval,3953.0,0.0,none,,3953.0,3953.0,raw_base,CueNation cuesheet (same source as raw base),3953.0,0.0,0.0,0.0,0.0,unchanged,0.0,0.0
pure-trance-radio-492,Pure Trance Radio Podcast 492,pure-trance-radio-492-t15,14,15,C-Systems - Pillars of Light,CueNation cuesheet,https://cuenation.com/?page=tracklist&folder=puretranceradio&filename=Solarstone+-+Pure+Trance+Radio+492.cue,server/tracklist.py::parse_tracklist + align_tracklist,4212.0,0,0,[],,,,,,,abstention,abstention_no_detection_in_local_window,4212.0,0.0,none,,4212.0,4212.0,raw_base,CueNation cuesheet (same source as raw base),4212.0,0.0,0.0,0.0,0.0,unchanged,0.0,0.0
pure-trance-radio-492,Pure Trance Radio Podcast 492,pure-trance-radio-492-t16,15,16,Ferkingge & Emma Wang feat. Adria Du & Nini - Blooming,CueNation cuesheet,https://cuenation.com/?page=tracklist&folder=puretranceradio&filename=Solarstone+-+Pure+Trance+Radio+492.cue,server/tracklist.py::parse_tracklist + align_tracklist,4448.0,0,0,[],,,,,,,abstention,abstention_no_detection_in_local_window,4448.0,0.0,none,,4448.0,4448.0,raw_base,CueNation cuesheet (same source as raw base),4448.0,0.0,0.0,0.0,0.0,unchanged,0.0,0.0
pure-trance-radio-492,Pure Trance Radio Podcast 492,pure-trance-radio-492-t17,16,17,Solarstone vs. Sirocco - Destination (Effen Remix),CueNation cuesheet,https://cuenation.com/?page=tracklist&folder=puretranceradio&filename=Solarstone+-+Pure+Trance+Radio+492.cue,server/tracklist.py::parse_tracklist + align_tracklist,4796.0,0,0,[],,,,,,,abstention,abstention_no_detection_in_local_window,4796.0,0.0,none,,4796.0,4796.0,raw_base,CueNation cuesheet (same source as raw base),4796.0,0.0,0.0,0.0,0.0,unchanged,0.0,0.0
pure-trance-radio-492,Pure Trance Radio Podcast 492,pure-trance-radio-492-t18,17,18,Stoneface & Terminal with Susanne Teutenberg - High As The Sun,CueNation cuesheet,https://cuenation.com/?page=tracklist&folder=puretranceradio&filename=Solarstone+-+Pure+Trance+Radio+492.cue,server/tracklist.py::parse_tracklist + align_tracklist,5232.0,0,0,[],,,,,,,abstention,abstention_no_detection_in_local_window,5232.0,0.0,none,,5232.0,5232.0,raw_base,CueNation cuesheet (same source as raw base),5232.0,0.0,0.0,0.0,0.0,unchanged,0.0,0.0
pure-trance-radio-492,Pure Trance Radio Podcast 492,pure-trance-radio-492-t19,18,19,Blackromeo - Ashanti,CueNation cuesheet,https://cuenation.com/?page=tracklist&folder=puretranceradio&filename=Solarstone+-+Pure+Trance+Radio+492.cue,server/tracklist.py::parse_tracklist + align_tracklist,5599.0,0,0,[],,,,,,,abstention,abstention_no_detection_in_local_window,5599.0,0.0,none,,5599.0,5599.0,raw_base,CueNation cuesheet (same source as raw base),5599.0,0.0,0.0,0.0,0.0,unchanged,0.0,0.0
pure-trance-radio-492,Pure Trance Radio Podcast 492,pure-trance-radio-492-t20,19,20,Above & Beyond with Zoe Johnston - Quicksand (Ciaran McAuley Remix),CueNation cuesheet,https://cuenation.com/?page=tracklist&folder=puretranceradio&filename=Solarstone+-+Pure+Trance+Radio+492.cue,server/tracklist.py::parse_tracklist + align_tracklist,5981.0,0,0,[],,,,,,,abstention,abstention_no_detection_in_local_window,5981.0,0.0,none,,5981.0,5981.0,raw_base,CueNation cuesheet (same source as raw base),5981.0,0.0,0.0,0.0,0.0,unchanged,0.0,0.0
pure-trance-radio-492,Pure Trance Radio Podcast 492,pure-trance-radio-492-t21,20,21,Armin van Buuren feat. Sharon Den Adel - In And Out of Love (Ben Hemsley Remix),CueNation cuesheet,https://cuenation.com/?page=tracklist&folder=puretranceradio&filename=Solarstone+-+Pure+Trance+Radio+492.cue,server/tracklist.py::parse_tracklist + align_tracklist,6275.0,0,0,[],,,,,,,abstention,abstention_no_detection_in_local_window,6275.0,0.0,none,,6275.0,6275.0,raw_base,CueNation cuesheet (same source as raw base),6275.0,0.0,0.0,0.0,0.0,unchanged,0.0,0.0
pure-trance-radio-492,Pure Trance Radio Podcast 492,pure-trance-radio-492-t22,21,22,Super-Frog Saves Tokyo - Jitterbug,CueNation cuesheet,https://cuenation.com/?page=tracklist&folder=puretranceradio&filename=Solarstone+-+Pure+Trance+Radio+492.cue,server/tracklist.py::parse_tracklist + align_tracklist,6649.0,1,0,"[""pure-trance-radio-492-d024""]",pure-trance-radio-492-d024,6647.58,0.8541,,,,abstention,abstention_no_detection_in_forward_interval,6649.0,0.0,none,,6649.0,6649.0,raw_base,CueNation cuesheet (same source as raw base),6649.0,0.0,0.0,0.0,0.0,unchanged,0.0,0.0
pure-trance-radio-492,Pure Trance Radio Podcast 492,pure-trance-radio-492-t23,22,23,Vangelis - West Across The Ocean Sea,CueNation cuesheet,https://cuenation.com/?page=tracklist&folder=puretranceradio&filename=Solarstone+-+Pure+Trance+Radio+492.cue,server/tracklist.py::parse_tracklist + align_tracklist,7001.0,0,0,[],,,,,,,abstention,abstention_no_detection_in_local_window,7001.0,0.0,none,,7001.0,7001.0,raw_base,CueNation cuesheet (same source as raw base),7001.0,0.0,0.0,0.0,0.0,unchanged,0.0,0.0
pure-trance-radio-493,Pure Trance Radio Podcast 493,pure-trance-radio-493-t02,1,2,Solarstone - Solarcoaster (Deestopia Remix),CueNation cuesheet,https://cuenation.com/?page=tracklist&folder=puretranceradio&filename=Solarstone+-+Pure+Trance+Radio+493.cue,server/tracklist.py::parse_tracklist + align_tracklist,111.0,1,0,"[""pure-trance-radio-493-d003""]",pure-trance-radio-493-d003,115.14,0.85,,,,abstention,abstention_confidence_below_minimum,111.0,0.0,none,,111.0,111.0,raw_base,CueNation cuesheet (same source as raw base),111.0,0.0,0.0,0.0,0.0,unchanged,0.0,0.0
pure-trance-radio-493,Pure Trance Radio Podcast 493,pure-trance-radio-493-t03,2,3,Nordfold - Tidal Shift,CueNation cuesheet,https://cuenation.com/?page=tracklist&folder=puretranceradio&filename=Solarstone+-+Pure+Trance+Radio+493.cue,server/tracklist.py::parse_tracklist + align_tracklist,534.0,0,0,[],,,,,,,abstention,abstention_no_detection_in_local_window,534.0,0.0,none,,534.0,534.0,raw_base,CueNation cuesheet (same source as raw base),534.0,0.0,0.0,0.0,0.0,unchanged,0.0,0.0
pure-trance-radio-493,Pure Trance Radio Podcast 493,pure-trance-radio-493-t04,3,4,Exotek - Embrace,CueNation cuesheet,https://cuenation.com/?page=tracklist&folder=puretranceradio&filename=Solarstone+-+Pure+Trance+Radio+493.cue,server/tracklist.py::parse_tracklist + align_tracklist,822.0,0,0,[],,,,,,,abstention,abstention_no_detection_in_local_window,822.0,0.0,none,,822.0,822.0,raw_base,CueNation cuesheet (same source as raw base),822.0,0.0,0.0,0.0,0.0,unchanged,0.0,0.0
pure-trance-radio-493,Pure Trance Radio Podcast 493,pure-trance-radio-493-t05,4,5,Kyau & Albert - Halo,CueNation cuesheet,https://cuenation.com/?page=tracklist&folder=puretranceradio&filename=Solarstone+-+Pure+Trance+Radio+493.cue,server/tracklist.py::parse_tracklist + align_tracklist,1212.0,0,0,[],,,,,,,abstention,abstention_no_detection_in_local_window,1212.0,0.0,none,,1212.0,1212.0,raw_base,CueNation cuesheet (same source as raw base),1212.0,0.0,0.0,0.0,0.0,unchanged,0.0,0.0
pure-trance-radio-493,Pure Trance Radio Podcast 493,pure-trance-radio-493-t06,5,6,PARAFRAME - 3 Worlds,CueNation cuesheet,https://cuenation.com/?page=tracklist&folder=puretranceradio&filename=Solarstone+-+Pure+Trance+Radio+493.cue,server/tracklist.py::parse_tracklist + align_tracklist,1441.0,0,0,[],,,,,,,abstention,abstention_no_detection_in_local_window,1441.0,0.0,none,,1441.0,1441.0,raw_base,CueNation cuesheet (same source as raw base),1441.0,0.0,0.0,0.0,0.0,unchanged,0.0,0.0
pure-trance-radio-493,Pure Trance Radio Podcast 493,pure-trance-radio-493-t07,6,7,Josh Caffe - Velvet Skin,CueNation cuesheet,https://cuenation.com/?page=tracklist&folder=puretranceradio&filename=Solarstone+-+Pure+Trance+Radio+493.cue,server/tracklist.py::parse_tracklist + align_tracklist,1757.0,1,0,"[""pure-trance-radio-493-d008""]",pure-trance-radio-493-d008,1760.18,0.7978,,,,abstention,abstention_confidence_below_minimum,1757.0,0.0,none,,1757.0,1757.0,raw_base,CueNation cuesheet (same source as raw base),1757.0,0.0,0.0,0.0,0.0,unchanged,0.0,0.0
pure-trance-radio-493,Pure Trance Radio Podcast 493,pure-trance-radio-493-t08,7,8,Tre Turner - Archaos (CLOSE PROXIMITY Progressive Mix),CueNation cuesheet,https://cuenation.com/?page=tracklist&folder=puretranceradio&filename=Solarstone+-+Pure+Trance+Radio+493.cue,server/tracklist.py::parse_tracklist + align_tracklist,2001.0,0,0,[],,,,,,,abstention,abstention_no_detection_in_local_window,2001.0,0.0,none,,2001.0,2001.0,raw_base,CueNation cuesheet (same source as raw base),2001.0,0.0,0.0,0.0,0.0,unchanged,0.0,0.0
pure-trance-radio-493,Pure Trance Radio Podcast 493,pure-trance-radio-493-t09,8,9,Private Taste - First (Ashtrax Rerub),CueNation cuesheet,https://cuenation.com/?page=tracklist&folder=puretranceradio&filename=Solarstone+-+Pure+Trance+Radio+493.cue,server/tracklist.py::parse_tracklist + align_tracklist,2350.0,1,0,"[""pure-trance-radio-493-d010""]",pure-trance-radio-493-d010,2353.08,0.8925,,,,abstention,abstention_confidence_below_minimum,2350.0,0.0,validated_for_lab_only,2353.08,2353.08,2353.08,existing_human_correction,CueNation cuesheet (same source as raw base),2350.0,0.0,0.0,0.0,0.0,unchanged,3.08,3.08
pure-trance-radio-493,Pure Trance Radio Podcast 493,pure-trance-radio-493-t10,9,10,SONIN x Orkidea - Avril,CueNation cuesheet,https://cuenation.com/?page=tracklist&folder=puretranceradio&filename=Solarstone+-+Pure+Trance+Radio+493.cue,server/tracklist.py::parse_tracklist + align_tracklist,2734.0,0,0,[],,,,,,,abstention,abstention_no_detection_in_local_window,2734.0,0.0,none,,2734.0,2734.0,raw_base,CueNation cuesheet (same source as raw base),2734.0,0.0,0.0,0.0,0.0,unchanged,0.0,0.0
pure-trance-radio-493,Pure Trance Radio Podcast 493,pure-trance-radio-493-t11,10,11,Push - Open The Night,CueNation cuesheet,https://cuenation.com/?page=tracklist&folder=puretranceradio&filename=Solarstone+-+Pure+Trance+Radio+493.cue,server/tracklist.py::parse_tracklist + align_tracklist,3021.0,0,0,[],,,,,,,abstention,abstention_no_detection_in_local_window,3021.0,0.0,none,,3021.0,3021.0,raw_base,CueNation cuesheet (same source as raw base),3021.0,0.0,0.0,0.0,0.0,unchanged,0.0,0.0
pure-trance-radio-493,Pure Trance Radio Podcast 493,pure-trance-radio-493-t12,11,12,Factor B feat. Cat Martin - Crashing Over (Lost Minds Remix),CueNation cuesheet,https://cuenation.com/?page=tracklist&folder=puretranceradio&filename=Solarstone+-+Pure+Trance+Radio+493.cue,server/tracklist.py::parse_tracklist + align_tracklist,3344.0,1,0,"[""pure-trance-radio-493-d012""]",pure-trance-radio-493-d012,3339.96,0.9765,,,,abstention,abstention_no_detection_in_forward_interval,3344.0,0.0,none,,3344.0,3344.0,raw_base,CueNation cuesheet (same source as raw base),3344.0,0.0,0.0,0.0,0.0,unchanged,0.0,0.0
pure-trance-radio-493,Pure Trance Radio Podcast 493,pure-trance-radio-493-t13,12,13,St. John & Scott Ramsay pres. ApexLOOP - Inspire,CueNation cuesheet,https://cuenation.com/?page=tracklist&folder=puretranceradio&filename=Solarstone+-+Pure+Trance+Radio+493.cue,server/tracklist.py::parse_tracklist + align_tracklist,3747.0,0,0,[],,,,,,,abstention,abstention_no_detection_in_local_window,3747.0,0.0,none,,3747.0,3747.0,raw_base,CueNation cuesheet (same source as raw base),3747.0,0.0,0.0,0.0,0.0,unchanged,0.0,0.0
pure-trance-radio-493,Pure Trance Radio Podcast 493,pure-trance-radio-493-t14,13,14,Factoria + Ross Baker - River of Light,CueNation cuesheet,https://cuenation.com/?page=tracklist&folder=puretranceradio&filename=Solarstone+-+Pure+Trance+Radio+493.cue,server/tracklist.py::parse_tracklist + align_tracklist,4144.0,1,0,"[""pure-trance-radio-493-d013""]",pure-trance-radio-493-d013,4146.78,0.8821,,,,abstention,abstention_confidence_below_minimum,4144.0,0.0,none,,4144.0,4144.0,raw_base,CueNation cuesheet (same source as raw base),4144.0,0.0,0.0,0.0,0.0,unchanged,0.0,0.0
pure-trance-radio-493,Pure Trance Radio Podcast 493,pure-trance-radio-493-t15,14,15,Sequence Six & Zara Taylor - Above,CueNation cuesheet,https://cuenation.com/?page=tracklist&folder=puretranceradio&filename=Solarstone+-+Pure+Trance+Radio+493.cue,server/tracklist.py::parse_tracklist + align_tracklist,4401.0,0,0,[],,,,,,,abstention,abstention_no_detection_in_local_window,4401.0,0.0,none,,4401.0,4401.0,raw_base,CueNation cuesheet (same source as raw base),4401.0,0.0,0.0,0.0,0.0,unchanged,0.0,0.0
pure-trance-radio-493,Pure Trance Radio Podcast 493,pure-trance-radio-493-t16,15,16,Super8 & Tab feat. Julie Thompson - My Enemy (CVMRN Club Mix),CueNation cuesheet,https://cuenation.com/?page=tracklist&folder=puretranceradio&filename=Solarstone+-+Pure+Trance+Radio+493.cue,server/tracklist.py::parse_tracklist + align_tracklist,4696.0,0,0,[],,,,,,,abstention,abstention_no_detection_in_local_window,4696.0,0.0,none,,4696.0,4696.0,raw_base,CueNation cuesheet (same source as raw base),4696.0,0.0,0.0,0.0,0.0,unchanged,0.0,0.0
pure-trance-radio-493,Pure Trance Radio Podcast 493,pure-trance-radio-493-t17,16,17,Technology - Electronicly Entertained,CueNation cuesheet,https://cuenation.com/?page=tracklist&folder=puretranceradio&filename=Solarstone+-+Pure+Trance+Radio+493.cue,server/tracklist.py::parse_tracklist + align_tracklist,5035.0,0,0,[],,,,,,,abstention,abstention_no_detection_in_local_window,5035.0,0.0,none,,5035.0,5035.0,raw_base,CueNation cuesheet (same source as raw base),5035.0,0.0,0.0,0.0,0.0,unchanged,0.0,0.0
pure-trance-radio-493,Pure Trance Radio Podcast 493,pure-trance-radio-493-t18,17,18,Ruben De Ronde pres. NRG2000 x York x Angel City - Slip Away,CueNation cuesheet,https://cuenation.com/?page=tracklist&folder=puretranceradio&filename=Solarstone+-+Pure+Trance+Radio+493.cue,server/tracklist.py::parse_tracklist + align_tracklist,5350.0,0,0,[],,,,,,,abstention,abstention_no_detection_in_local_window,5350.0,0.0,none,,5350.0,5350.0,raw_base,CueNation cuesheet (same source as raw base),5350.0,0.0,0.0,0.0,0.0,unchanged,0.0,0.0
pure-trance-radio-493,Pure Trance Radio Podcast 493,pure-trance-radio-493-t19,18,19,Above & Beyond with Zoe Johnston - Quicksand (Don't Go) (Mark Sherry Remix),CueNation cuesheet,https://cuenation.com/?page=tracklist&folder=puretranceradio&filename=Solarstone+-+Pure+Trance+Radio+493.cue,server/tracklist.py::parse_tracklist + align_tracklist,5663.0,0,0,[],,,,,,,abstention,abstention_no_detection_in_local_window,5663.0,0.0,none,,5663.0,5663.0,raw_base,CueNation cuesheet (same source as raw base),5663.0,0.0,0.0,0.0,0.0,unchanged,0.0,0.0
pure-trance-radio-493,Pure Trance Radio Podcast 493,pure-trance-radio-493-t20,19,20,David Forbes x Lostly - Echo Burn,CueNation cuesheet,https://cuenation.com/?page=tracklist&folder=puretranceradio&filename=Solarstone+-+Pure+Trance+Radio+493.cue,server/tracklist.py::parse_tracklist + align_tracklist,5990.0,0,0,[],,,,,,,abstention,abstention_no_detection_in_local_window,5990.0,0.0,none,,5990.0,5990.0,raw_base,CueNation cuesheet (same source as raw base),5990.0,0.0,0.0,0.0,0.0,unchanged,0.0,0.0
pure-trance-radio-493,Pure Trance Radio Podcast 493,pure-trance-radio-493-t21,20,21,FKN & Tom Bro feat. Emily Orchard - Fading Blue (Ambient Mix),CueNation cuesheet,https://cuenation.com/?page=tracklist&folder=puretranceradio&filename=Solarstone+-+Pure+Trance+Radio+493.cue,server/tracklist.py::parse_tracklist + align_tracklist,6243.0,0,0,[],,,,,,,abstention,abstention_no_detection_in_local_window,6243.0,0.0,none,,6243.0,6243.0,raw_base,CueNation cuesheet (same source as raw base),6243.0,0.0,0.0,0.0,0.0,unchanged,0.0,0.0
