episode_id,episode_title,algorithm_time_seconds,confidence,ina_speech_start_seconds,ina_speech_end_seconds,ina_speech_duration_seconds,ina_music_end_seconds,ina_music_duration_seconds,silero_speech_start_seconds,silero_speech_end_seconds,model_end_gap_seconds,speech_overlap_seconds,confidence_components,detection_id
pure-trance-radio-492,Pure Trance Radio Podcast 492,82.74,0.9962,27.62,82.74,55.12,313.32,230.58,75.81,82.718,0.022,6.908,"{""music_continuity"":1.0,""model_end_agreement"":0.989,""speech_overlap"":1.0,""ina_speech_duration"":1.0}",pure-trance-radio-492-d001
pure-trance-radio-492,Pure Trance Radio Podcast 492,325.28,0.9163,313.32,325.28,11.96,345.7,20.42,320.61,325.758,0.478,4.67,"{""music_continuity"":1.0,""model_end_agreement"":0.761,""speech_overlap"":1.0,""ina_speech_duration"":1.0}",pure-trance-radio-492-d002
pure-trance-radio-492,Pure Trance Radio Podcast 492,387.76,0.8204,345.7,387.76,42.06,627.4,239.64,386.242,388.222,0.462,1.518,"{""music_continuity"":1.0,""model_end_agreement"":0.769,""speech_overlap"":0.506,""ina_speech_duration"":1.0}",pure-trance-radio-492-d003
pure-trance-radio-492,Pure Trance Radio Podcast 492,638.08,0.6875,627.4,638.08,10.68,651.12,13.04,636.29,637.31,0.77,1.02,"{""music_continuity"":0.8693,""model_end_agreement"":0.615,""speech_overlap"":0.34,""ina_speech_duration"":1.0}",pure-trance-radio-492-d004
pure-trance-radio-492,Pure Trance Radio Podcast 492,653.28,0.8754,651.12,653.28,2.16,940.1,286.82,651.554,653.438,0.158,1.726,"{""music_continuity"":1.0,""model_end_agreement"":0.921,""speech_overlap"":0.7991,""ina_speech_duration"":0.432}",pure-trance-radio-492-d005
pure-trance-radio-492,Pure Trance Radio Podcast 492,976.74,0.8386,940.1,976.74,36.64,1018.84,42.1,971.17,977.662,0.922,5.57,"{""music_continuity"":1.0,""model_end_agreement"":0.539,""speech_overlap"":1.0,""ina_speech_duration"":1.0}",pure-trance-radio-492-d006
pure-trance-radio-492,Pure Trance Radio Podcast 492,1022.9,0.8003,1018.84,1022.9,4.06,1654.38,631.48,1019.33,1023.934,1.034,3.57,"{""music_continuity"":1.0,""model_end_agreement"":0.483,""speech_overlap"":1.0,""ina_speech_duration"":0.812}",pure-trance-radio-492-d007
pure-trance-radio-492,Pure Trance Radio Podcast 492,1679.96,0.9255,1654.38,1679.96,25.58,1755.68,75.72,1677.474,1680.19,0.23,2.486,"{""music_continuity"":1.0,""model_end_agreement"":0.885,""speech_overlap"":0.8287,""ina_speech_duration"":1.0}",pure-trance-radio-492-d008
pure-trance-radio-492,Pure Trance Radio Podcast 492,1763.68,0.9948,1755.68,1763.68,8.0,1970.86,207.18,1757.41,1763.71,0.03,6.27,"{""music_continuity"":1.0,""model_end_agreement"":0.985,""speech_overlap"":1.0,""ina_speech_duration"":1.0}",pure-trance-radio-492-d009
pure-trance-radio-492,Pure Trance Radio Podcast 492,1978.72,0.9612,1970.86,1978.72,7.86,2034.72,56.0,1972.194,1978.942,0.222,6.526,"{""music_continuity"":1.0,""model_end_agreement"":0.889,""speech_overlap"":1.0,""ina_speech_duration"":1.0}",pure-trance-radio-492-d010
pure-trance-radio-492,Pure Trance Radio Podcast 492,2591.56,0.9794,2585.0,2591.56,6.56,2886.3,294.74,2585.058,2591.678,0.118,6.502,"{""music_continuity"":1.0,""model_end_agreement"":0.941,""speech_overlap"":1.0,""ina_speech_duration"":1.0}",pure-trance-radio-492-d011
pure-trance-radio-492,Pure Trance Radio Podcast 492,2907.82,0.8866,2899.26,2907.82,8.56,2969.68,61.86,2906.306,2907.902,0.082,1.514,"{""music_continuity"":1.0,""model_end_agreement"":0.959,""speech_overlap"":0.5047,""ina_speech_duration"":1.0}",pure-trance-radio-492-d012
pure-trance-radio-492,Pure Trance Radio Podcast 492,3148.92,0.9542,3143.76,3148.92,5.16,3192.88,43.96,3144.418,3149.182,0.262,4.502,"{""music_continuity"":1.0,""model_end_agreement"":0.869,""speech_overlap"":1.0,""ina_speech_duration"":1.0}",pure-trance-radio-492-d013
pure-trance-radio-492,Pure Trance Radio Podcast 492,3197.58,0.6326,3192.88,3197.58,4.7,3636.2,438.62,3196.258,3199.006,1.426,1.322,"{""music_continuity"":1.0,""model_end_agreement"":0.287,""speech_overlap"":0.4407,""ina_speech_duration"":0.94}",pure-trance-radio-492-d014
pure-trance-radio-492,Pure Trance Radio Podcast 492,3646.02,0.9928,3636.2,3646.02,9.82,3876.1,230.08,3643.106,3646.014,0.006,2.908,"{""music_continuity"":1.0,""model_end_agreement"":0.997,""speech_overlap"":0.9693,""ina_speech_duration"":1.0}",pure-trance-radio-492-d015
pure-trance-radio-492,Pure Trance Radio Podcast 492,3885.42,0.9696,3876.1,3885.42,9.32,3920.54,35.12,3881.858,3885.246,0.174,3.388,"{""music_continuity"":1.0,""model_end_agreement"":0.913,""speech_overlap"":1.0,""ina_speech_duration"":1.0}",pure-trance-radio-492-d016
pure-trance-radio-492,Pure Trance Radio Podcast 492,3921.82,0.7745,3920.54,3921.82,1.28,3931.8,9.98,3919.81,3922.014,0.194,1.28,"{""music_continuity"":0.6653,""model_end_agreement"":0.903,""speech_overlap"":1.0,""ina_speech_duration"":0.256}",pure-trance-radio-492-d017
pure-trance-radio-492,Pure Trance Radio Podcast 492,3952.9,0.83,3931.8,3952.9,21.1,4011.8,58.9,3950.786,3953.534,0.634,2.114,"{""music_continuity"":1.0,""model_end_agreement"":0.683,""speech_overlap"":0.7047,""ina_speech_duration"":1.0}",pure-trance-radio-492-d018
pure-trance-radio-492,Pure Trance Radio Podcast 492,4789.38,0.8331,4784.28,4789.38,5.1,5161.54,372.16,4784.322,4790.334,0.954,5.058,"{""music_continuity"":1.0,""model_end_agreement"":0.523,""speech_overlap"":1.0,""ina_speech_duration"":1.0}",pure-trance-radio-492-d019
pure-trance-radio-492,Pure Trance Radio Podcast 492,5181.88,0.7698,5179.84,5181.88,2.04,5191.88,10.0,5180.098,5182.046,0.166,1.782,"{""music_continuity"":0.6667,""model_end_agreement"":0.917,""speech_overlap"":0.8735,""ina_speech_duration"":0.408}",pure-trance-radio-492-d020
pure-trance-radio-492,Pure Trance Radio Podcast 492,5197.92,0.7449,5191.88,5197.92,6.04,5204.06,6.14,5195.522,5197.886,0.034,2.364,"{""music_continuity"":0.4093,""model_end_agreement"":0.983,""speech_overlap"":0.788,""ina_speech_duration"":1.0}",pure-trance-radio-492-d021
pure-trance-radio-492,Pure Trance Radio Podcast 492,5222.98,0.955,5219.16,5222.98,3.82,5549.4,326.42,5218.85,5223.102,0.122,3.82,"{""music_continuity"":1.0,""model_end_agreement"":0.939,""speech_overlap"":1.0,""ina_speech_duration"":0.764}",pure-trance-radio-492-d022
pure-trance-radio-492,Pure Trance Radio Podcast 492,5581.66,0.8295,5578.64,5581.66,3.02,5958.88,377.22,5580.45,5581.726,0.066,1.21,"{""music_continuity"":1.0,""model_end_agreement"":0.967,""speech_overlap"":0.4033,""ina_speech_duration"":0.604}",pure-trance-radio-492-d023
pure-trance-radio-492,Pure Trance Radio Podcast 492,6647.58,0.8541,6634.74,6647.58,12.84,6910.88,263.3,6643.714,6648.414,0.834,3.866,"{""music_continuity"":1.0,""model_end_agreement"":0.583,""speech_overlap"":1.0,""ina_speech_duration"":1.0}",pure-trance-radio-492-d024
pure-trance-radio-492,Pure Trance Radio Podcast 492,6977.92,0.8479,6950.28,6977.92,27.64,6999.04,21.12,6976.962,6977.854,0.066,0.892,"{""music_continuity"":1.0,""model_end_agreement"":0.967,""speech_overlap"":0.2973,""ina_speech_duration"":1.0}",pure-trance-radio-492-d025
pure-trance-radio-493,Pure Trance Radio Podcast 493,40.34,0.7016,29.28,40.34,11.06,46.62,6.28,38.402,40.478,0.138,1.938,"{""music_continuity"":0.4187,""model_end_agreement"":0.931,""speech_overlap"":0.646,""ina_speech_duration"":1.0}",pure-trance-radio-493-d001
pure-trance-radio-493,Pure Trance Radio Podcast 493,66.68,0.9462,46.62,66.68,20.06,79.9,13.22,57.954,66.75,0.07,8.726,"{""music_continuity"":0.8813,""model_end_agreement"":0.965,""speech_overlap"":1.0,""ina_speech_duration"":1.0}",pure-trance-radio-493-d002
pure-trance-radio-493,Pure Trance Radio Podcast 493,115.14,0.85,79.9,115.14,35.24,272.02,156.88,113.986,115.294,0.154,1.154,"{""music_continuity"":1.0,""model_end_agreement"":0.923,""speech_overlap"":0.3847,""ina_speech_duration"":1.0}",pure-trance-radio-493-d003
pure-trance-radio-493,Pure Trance Radio Podcast 493,447.94,0.6001,438.28,447.94,9.66,530.98,83.04,447.426,449.278,1.338,0.514,"{""music_continuity"":1.0,""model_end_agreement"":0.331,""speech_overlap"":0.1713,""ina_speech_duration"":1.0}",pure-trance-radio-493-d004
pure-trance-radio-493,Pure Trance Radio Podcast 493,1147.06,0.8374,1142.54,1147.06,4.52,1428.12,281.06,1142.594,1147.934,0.874,4.466,"{""music_continuity"":1.0,""model_end_agreement"":0.563,""speech_overlap"":1.0,""ina_speech_duration"":0.904}",pure-trance-radio-493-d005
pure-trance-radio-493,Pure Trance Radio Podcast 493,1435.86,0.8134,1428.12,1435.86,7.74,1522.32,86.46,1431.522,1436.926,1.066,4.338,"{""music_continuity"":1.0,""model_end_agreement"":0.467,""speech_overlap"":1.0,""ina_speech_duration"":1.0}",pure-trance-radio-493-d006
pure-trance-radio-493,Pure Trance Radio Podcast 493,1727.74,0.9884,1691.92,1727.74,35.82,1746.24,18.5,1721.954,1727.806,0.066,5.786,"{""music_continuity"":1.0,""model_end_agreement"":0.967,""speech_overlap"":1.0,""ina_speech_duration"":1.0}",pure-trance-radio-493-d007
pure-trance-radio-493,Pure Trance Radio Podcast 493,1760.18,0.7978,1757.48,1760.18,2.7,1785.22,25.04,1757.826,1760.926,0.746,2.354,"{""music_continuity"":1.0,""model_end_agreement"":0.627,""speech_overlap"":0.8719,""ina_speech_duration"":0.54}",pure-trance-radio-493-d008
pure-trance-radio-493,Pure Trance Radio Podcast 493,1945.06,0.806,1938.52,1945.06,6.54,1982.44,37.38,1943.138,1945.758,0.698,1.922,"{""music_continuity"":1.0,""model_end_agreement"":0.651,""speech_overlap"":0.6407,""ina_speech_duration"":1.0}",pure-trance-radio-493-d009
pure-trance-radio-493,Pure Trance Radio Podcast 493,2353.08,0.8925,2336.7,2353.08,16.38,2537.78,184.7,2344.482,2353.694,0.614,8.598,"{""music_continuity"":1.0,""model_end_agreement"":0.693,""speech_overlap"":1.0,""ina_speech_duration"":1.0}",pure-trance-radio-493-d010
pure-trance-radio-493,Pure Trance Radio Podcast 493,2727.58,0.7531,2717.66,2727.58,9.92,3333.24,605.66,2724.834,2728.894,1.314,2.746,"{""music_continuity"":1.0,""model_end_agreement"":0.343,""speech_overlap"":0.9153,""ina_speech_duration"":1.0}",pure-trance-radio-493-d011
pure-trance-radio-493,Pure Trance Radio Podcast 493,3339.96,0.9765,3333.24,3339.96,6.72,3360.28,20.32,3336.514,3340.094,0.134,3.446,"{""music_continuity"":1.0,""model_end_agreement"":0.933,""speech_overlap"":1.0,""ina_speech_duration"":1.0}",pure-trance-radio-493-d012
pure-trance-radio-493,Pure Trance Radio Podcast 493,4146.78,0.8821,4136.0,4146.78,10.78,4355.72,208.94,4138.402,4147.454,0.674,8.378,"{""music_continuity"":1.0,""model_end_agreement"":0.663,""speech_overlap"":1.0,""ina_speech_duration"":1.0}",pure-trance-radio-493-d013
pure-trance-radio-493,Pure Trance Radio Podcast 493,4392.64,0.7549,4378.3,4392.64,14.34,4752.14,359.5,4391.81,4393.214,0.574,0.83,"{""music_continuity"":1.0,""model_end_agreement"":0.713,""speech_overlap"":0.2767,""ina_speech_duration"":1.0}",pure-trance-radio-493-d014
pure-trance-radio-493,Pure Trance Radio Podcast 493,5324.0,0.7204,5318.88,5324.0,5.12,5330.0,6.0,5321.378,5324.254,0.254,2.622,"{""music_continuity"":0.4,""model_end_agreement"":0.873,""speech_overlap"":0.874,""ina_speech_duration"":1.0}",pure-trance-radio-493-d015
pure-trance-radio-493,Pure Trance Radio Podcast 493,5596.4,0.5587,5590.02,5596.4,6.38,5629.28,32.88,5593.922,5594.718,1.682,0.796,"{""music_continuity"":1.0,""model_end_agreement"":0.159,""speech_overlap"":0.2653,""ina_speech_duration"":1.0}",pure-trance-radio-493-d016
pure-trance-radio-493,Pure Trance Radio Podcast 493,5636.0,0.8541,5629.28,5636.0,6.72,5729.44,93.44,5630.178,5635.166,0.834,4.988,"{""music_continuity"":1.0,""model_end_agreement"":0.583,""speech_overlap"":1.0,""ina_speech_duration"":1.0}",pure-trance-radio-493-d017
pure-trance-radio-493,Pure Trance Radio Podcast 493,6235.38,0.953,6225.86,6235.38,9.52,6463.0,227.62,6233.058,6235.39,0.01,2.322,"{""music_continuity"":1.0,""model_end_agreement"":0.995,""speech_overlap"":0.774,""ina_speech_duration"":1.0}",pure-trance-radio-493-d018
