detection_id,origin,rss_time_seconds
S001,audio_start,0.0
S002,audio_spectral_transition_assisted_by_rss_track_count,162.69
S004,audio_spectral_transition_assisted_by_rss_track_count,525.44
S007,audio_spectral_transition_assisted_by_rss_track_count,1233.6
S009,audio_spectral_transition_assisted_by_rss_track_count,1807.17
S010,audio_spectral_transition_assisted_by_rss_track_count,2208.0
S011,audio_spectral_transition_assisted_by_rss_track_count,2409.73
S012,audio_spectral_transition_assisted_by_rss_track_count,2520.26
S014,audio_spectral_transition_assisted_by_rss_track_count,2919.68
S015,audio_spectral_transition_assisted_by_rss_track_count,2984.64
S016,audio_spectral_transition_assisted_by_rss_track_count,3184.38
S017,audio_spectral_transition_assisted_by_rss_track_count,3907.39
S018,audio_spectral_transition_assisted_by_rss_track_count,4048.19
S019,audio_spectral_transition_assisted_by_rss_track_count,4157.82
S020,audio_spectral_transition_assisted_by_rss_track_count,4436.16
S021,audio_spectral_transition_assisted_by_rss_track_count,4663.17
S022,audio_spectral_transition_assisted_by_rss_track_count,4742.27
S025,audio_spectral_transition_assisted_by_rss_track_count,5643.14
S026,audio_spectral_transition_assisted_by_rss_track_count,5734.78
S028,audio_spectral_transition_assisted_by_rss_track_count,6107.07
S030,audio_spectral_transition_assisted_by_rss_track_count,6434.56
S031,audio_spectral_transition_assisted_by_rss_track_count,6639.1
S032,audio_spectral_transition_assisted_by_rss_track_count,7013.25
