reference_number,artist,title,youtube_reference_seconds,youtube_reference_hhmmss,algorithm_youtube_seconds,algorithm_youtube_hhmmss,status,absolute_error_seconds,versus_immediate_16_of_32
1,Mhammed El Alami & Josie Sandfeld,Keep On Running,120,00:02:00,118.6545,00:01:59,trouve,1.3455,conserve
2,Against All Ødds,Save Me,337,00:05:37,338.3645,00:05:38,trouve,1.3645,conserve
3,Elite Electronic,Shadows,585,00:09:45,,,non trouve,,toujours_non_trouve
4,Phillip Castle & Aldor,Embrace The Night,780,00:13:00,782.2745,00:13:02,trouve,2.2745,conserve
5,Freak E Beatz & JASSKALL,No Escape,1006,00:16:46,1006.5945,00:16:47,trouve,0.5945,conserve
6,Adriatique,Palm Of Your Hands,1142,00:19:02,1113.1445,00:18:33,trouve,28.8555,conserve
7,Vassmo,Stay,1400,00:23:20,,,non trouve,,toujours_non_trouve
8,Cubicore,Black Light,1554,00:25:54,1555.5845,00:25:56,trouve,1.5845,conserve
9,Benny Benassi & Hypaton feat. Sandy Chambers,Illusion,1775,00:29:35,,,non trouve,,toujours_non_trouve
10,"Mike Williams, Three Drives, ANTICALM",Greece 2000,1955,00:32:35,1925.5045,00:32:06,trouve,29.4955,conserve
11,"Genix, Dosem",Transit Point (Genix Mix),2133,00:35:33,,,non trouve,,toujours_non_trouve
12,Spoiled and Zigo,More & More (BLR Remix),2366,00:39:26,2364.3345,00:39:24,trouve,1.6655,conserve
13,"Ashley Wallbridge, The Paper Outlet",Forever Young,2614,00:43:34,2617.2145,00:43:37,trouve,3.2145,conserve
14,Markus Schulz,Second Tomorrow,2825,00:47:05,2825.7245,00:47:06,trouve,0.7245,conserve
15,Victor Ruiz & KURA,FSU,3062,00:51:02,,,non trouve,,toujours_non_trouve
16,MAXTAGE & Fathom (EG),The Right Place (RAYEL Remix),3390,00:56:30,,,non trouve,,toujours_non_trouve
17,Andrew Rayel pres. EXTASIA,Dreaming (Giuseppe Ottaviani Remix),3631,01:00:31,,,non trouve,,toujours_non_trouve
18,MIDI Kitty and Derek Ryan,Miles Away,3849,01:04:09,,,non trouve,,toujours_non_trouve
19,Paul Denton & EKE,Next To Me (Club Mix),4086,01:08:06,,,non trouve,,toujours_non_trouve
20,RAM & Susana pres. Tales Of Life,The Power of Love (Alex M.O.R.P.H. Remix),4310,01:11:50,,,non trouve,,toujours_non_trouve
21,Giuseppe Ottaviani & Ilan Bluestone,Together Again,4589,01:16:29,,,non trouve,,toujours_non_trouve
22,"Aly & Fila, Susie Ledge, Roman Messer, Anton Pallmer",Carry Me Away,4825,01:20:25,,,non trouve,,toujours_non_trouve
23,John Askew,Through The Looking Glass (Nikolauss Remix),5059,01:24:19,5086.7235,01:24:47,trouve,27.7235,conserve
24,Andrew Rayel,Acid On The Train (David Forbes Remix),5348,01:29:08,5347.6535,01:29:08,trouve,0.3465,conserve
25,Armin van Buuren feat. Sharon Den Adel,In And Out Of Love (Ben Hemsley Remix),5576,01:32:56,,,non trouve,,toujours_non_trouve
26,Xincher & Rav3ver,Echo,5827,01:37:07,5856.3835,01:37:36,trouve,29.3835,conserve
27,RAM & Richard Durand presents Digital Culture,La La La,5951,01:39:11,,,non trouve,,toujours_non_trouve
28,Matt Bukovski & CJ Stone,Stars,6185,01:43:05,6185.8535,01:43:06,trouve,0.8535,conserve
29,"LAWTON, Trancemaster Krause & Caroline Roxy",Believe In,6383,01:46:23,6389.2735,01:46:29,trouve,6.2735,conserve
30,"Olly James, Panteros666 & Evil Twiin",Berlin '99,6587,01:49:47,,,non trouve,,toujours_non_trouve
31,Maurya Sevak & Jake Ryan,Sata Sata,6730,01:52:10,,,non trouve,,toujours_non_trouve
32,Ferry Corsten,Sweet Sorrow (The Thrillseekers Remix 2004),6974,01:56:14,6973.9935,01:56:14,trouve,0.0065,conserve
