interval_id,local_time_seconds,absolute_time_seconds,internal_salience,confidence_kind,retained,decision,track_count_target
I001,37.056,37.056,2.583072,robust_novelty_z_not_probability,False,abstention_below_fixed_salience_or_nonmaximum_suppression,
I001,65.00751,65.00751,1.085353,robust_novelty_z_not_probability,False,abstention_below_fixed_salience_or_nonmaximum_suppression,
I002,42.58121,162.58121,22.699005,robust_novelty_z_not_probability,True,retained_fixed_salience_and_separation,
I002,111.936,231.936,2.21611,robust_novelty_z_not_probability,False,abstention_below_fixed_salience_or_nonmaximum_suppression,
I002,219.712,339.712,6.632229,robust_novelty_z_not_probability,True,retained_fixed_salience_and_separation,
I002,279.936,399.936,4.508697,robust_novelty_z_not_probability,True,retained_fixed_salience_and_separation,
I002,309.76,429.76,3.602805,robust_novelty_z_not_probability,False,abstention_below_fixed_salience_or_nonmaximum_suppression,
I002,370.752,490.752,2.420312,robust_novelty_z_not_probability,False,abstention_below_fixed_salience_or_nonmaximum_suppression,
I002,405.376,525.376,5.664044,robust_novelty_z_not_probability,True,retained_fixed_salience_and_separation,
I002,467.136,587.136,2.513877,robust_novelty_z_not_probability,False,abstention_below_fixed_salience_or_nonmaximum_suppression,
I002,525.824,645.824,1.638986,robust_novelty_z_not_probability,False,abstention_below_fixed_salience_or_nonmaximum_suppression,
I002,549.248,669.248,1.951192,robust_novelty_z_not_probability,False,abstention_below_fixed_salience_or_nonmaximum_suppression,
I002,603.328,723.328,0.686358,robust_novelty_z_not_probability,False,abstention_below_fixed_salience_or_nonmaximum_suppression,
I002,622.144,742.144,1.742238,robust_novelty_z_not_probability,False,abstention_below_fixed_salience_or_nonmaximum_suppression,
I002,663.616,783.616,4.678817,robust_novelty_z_not_probability,True,retained_fixed_salience_and_separation,
I002,761.28,881.28,3.40251,robust_novelty_z_not_probability,True,retained_fixed_salience_and_separation,
I002,820.672,940.672,2.458531,robust_novelty_z_not_probability,False,abstention_below_fixed_salience_or_nonmaximum_suppression,
I002,887.872,1007.872,6.180668,robust_novelty_z_not_probability,True,retained_fixed_salience_and_separation,
I002,934.528,1054.528,2.329809,robust_novelty_z_not_probability,False,abstention_below_fixed_salience_or_nonmaximum_suppression,
I002,977.28,1097.28,1.446301,robust_novelty_z_not_probability,False,abstention_below_fixed_salience_or_nonmaximum_suppression,
I002,1008.512,1128.512,2.120608,robust_novelty_z_not_probability,False,abstention_below_fixed_salience_or_nonmaximum_suppression,
I002,1061.12,1181.12,0.920617,robust_novelty_z_not_probability,False,abstention_below_fixed_salience_or_nonmaximum_suppression,
I002,1113.664,1233.664,6.40711,robust_novelty_z_not_probability,True,retained_fixed_salience_and_separation,
I002,1158.016,1278.016,3.466632,robust_novelty_z_not_probability,False,abstention_below_fixed_salience_or_nonmaximum_suppression,
I002,1275.712,1395.712,1.095068,robust_novelty_z_not_probability,False,abstention_below_fixed_salience_or_nonmaximum_suppression,
I002,1329.024,1449.024,2.787753,robust_novelty_z_not_probability,False,abstention_below_fixed_salience_or_nonmaximum_suppression,
I002,1352.768,1472.768,1.06212,robust_novelty_z_not_probability,False,abstention_below_fixed_salience_or_nonmaximum_suppression,
I002,1436.864,1556.864,4.786842,robust_novelty_z_not_probability,True,retained_fixed_salience_and_separation,
I002,1496.128,1616.128,4.206425,robust_novelty_z_not_probability,False,abstention_below_fixed_salience_or_nonmaximum_suppression,
I002,1529.92,1649.92,1.635443,robust_novelty_z_not_probability,False,abstention_below_fixed_salience_or_nonmaximum_suppression,
I002,1550.4,1670.4,1.223038,robust_novelty_z_not_probability,False,abstention_below_fixed_salience_or_nonmaximum_suppression,
I002,1595.84,1715.84,1.138441,robust_novelty_z_not_probability,False,abstention_below_fixed_salience_or_nonmaximum_suppression,
I002,1626.752,1746.752,1.524112,robust_novelty_z_not_probability,False,abstention_below_fixed_salience_or_nonmaximum_suppression,
I002,1694.234783,1814.234783,8.805038,robust_novelty_z_not_probability,True,retained_fixed_salience_and_separation,
I002,1774.336,1894.336,1.515824,robust_novelty_z_not_probability,False,abstention_below_fixed_salience_or_nonmaximum_suppression,
I002,1806.848,1926.848,3.418147,robust_novelty_z_not_probability,True,retained_fixed_salience_and_separation,
I002,1837.376,1957.376,1.006278,robust_novelty_z_not_probability,False,abstention_below_fixed_salience_or_nonmaximum_suppression,
I002,1885.968471,2005.968471,3.220092,robust_novelty_z_not_probability,True,retained_fixed_salience_and_separation,
I002,1940.8,2060.8,2.850309,robust_novelty_z_not_probability,False,abstention_below_fixed_salience_or_nonmaximum_suppression,
I002,1970.24,2090.24,2.395292,robust_novelty_z_not_probability,False,abstention_below_fixed_salience_or_nonmaximum_suppression,
I002,2029.44,2149.44,4.177059,robust_novelty_z_not_probability,False,abstention_below_fixed_salience_or_nonmaximum_suppression,
I002,2087.936,2207.936,12.904095,robust_novelty_z_not_probability,True,retained_fixed_salience_and_separation,
I002,2124.672,2244.672,5.849316,robust_novelty_z_not_probability,False,abstention_below_fixed_salience_or_nonmaximum_suppression,
I002,2160.896,2280.896,3.099776,robust_novelty_z_not_probability,True,retained_fixed_salience_and_separation,
I002,2202.816,2322.816,2.292693,robust_novelty_z_not_probability,False,abstention_below_fixed_salience_or_nonmaximum_suppression,
I003,43.968,2409.648,7.716016,robust_novelty_z_not_probability,True,retained_fixed_salience_and_separation,
I003,124.992,2490.672,9.27526,robust_novelty_z_not_probability,False,abstention_below_fixed_salience_or_nonmaximum_suppression,
I003,154.624,2520.304,11.582825,robust_novelty_z_not_probability,True,retained_fixed_salience_and_separation,
I003,206.016,2571.696,2.097393,robust_novelty_z_not_probability,False,abstention_below_fixed_salience_or_nonmaximum_suppression,
I003,252.742421,2618.422421,6.89335,robust_novelty_z_not_probability,True,retained_fixed_salience_and_separation,
I003,289.024,2654.704,0.70141,robust_novelty_z_not_probability,False,abstention_below_fixed_salience_or_nonmaximum_suppression,
I003,317.696,2683.376,0.569239,robust_novelty_z_not_probability,False,abstention_below_fixed_salience_or_nonmaximum_suppression,
I003,393.038794,2758.718794,1.298986,robust_novelty_z_not_probability,False,abstention_below_fixed_salience_or_nonmaximum_suppression,
I003,461.44,2827.12,3.85597,robust_novelty_z_not_probability,True,retained_fixed_salience_and_separation,
I003,554.048,2919.728,8.169066,robust_novelty_z_not_probability,True,retained_fixed_salience_and_separation,
I003,589.184,2954.864,1.201726,robust_novelty_z_not_probability,False,abstention_below_fixed_salience_or_nonmaximum_suppression,
I003,618.944,2984.624,20.988468,robust_novelty_z_not_probability,True,retained_fixed_salience_and_separation,
I003,653.632,3019.312,9.580888,robust_novelty_z_not_probability,False,abstention_below_fixed_salience_or_nonmaximum_suppression,
I003,699.328,3065.008,1.589435,robust_novelty_z_not_probability,False,abstention_below_fixed_salience_or_nonmaximum_suppression,
I003,741.568,3107.248,2.287189,robust_novelty_z_not_probability,False,abstention_below_fixed_salience_or_nonmaximum_suppression,
I003,776.064,3141.744,2.654586,robust_novelty_z_not_probability,False,abstention_below_fixed_salience_or_nonmaximum_suppression,
I003,818.88,3184.56,4.431988,robust_novelty_z_not_probability,True,retained_fixed_salience_and_separation,
I003,842.368,3208.048,2.160295,robust_novelty_z_not_probability,False,abstention_below_fixed_salience_or_nonmaximum_suppression,
I003,889.728,3255.408,1.596872,robust_novelty_z_not_probability,False,abstention_below_fixed_salience_or_nonmaximum_suppression,
I003,1063.488,3429.168,0.670578,robust_novelty_z_not_probability,False,abstention_below_fixed_salience_or_nonmaximum_suppression,
I003,1103.552,3469.232,1.145364,robust_novelty_z_not_probability,False,abstention_below_fixed_salience_or_nonmaximum_suppression,
I003,1139.456,3505.136,1.116515,robust_novelty_z_not_probability,False,abstention_below_fixed_salience_or_nonmaximum_suppression,
I003,1198.528,3564.208,3.862802,robust_novelty_z_not_probability,True,retained_fixed_salience_and_separation,
I003,1271.424,3637.104,0.690238,robust_novelty_z_not_probability,False,abstention_below_fixed_salience_or_nonmaximum_suppression,
I003,1319.296,3684.976,2.827485,robust_novelty_z_not_probability,False,abstention_below_fixed_salience_or_nonmaximum_suppression,
I003,1342.656,3708.336,2.91294,robust_novelty_z_not_probability,False,abstention_below_fixed_salience_or_nonmaximum_suppression,
I003,1387.392,3753.072,0.813239,robust_novelty_z_not_probability,False,abstention_below_fixed_salience_or_nonmaximum_suppression,
I003,1457.216,3822.896,1.744413,robust_novelty_z_not_probability,False,abstention_below_fixed_salience_or_nonmaximum_suppression,
I003,1485.44,3851.12,1.281395,robust_novelty_z_not_probability,False,abstention_below_fixed_salience_or_nonmaximum_suppression,
I003,1510.912,3876.592,0.600706,robust_novelty_z_not_probability,False,abstention_below_fixed_salience_or_nonmaximum_suppression,
I003,1541.696,3907.376,4.994753,robust_novelty_z_not_probability,True,retained_fixed_salience_and_separation,
I003,1576.768,3942.448,2.553791,robust_novelty_z_not_probability,False,abstention_below_fixed_salience_or_nonmaximum_suppression,
I003,1604.416,3970.096,2.619774,robust_novelty_z_not_probability,False,abstention_below_fixed_salience_or_nonmaximum_suppression,
I003,1630.4,3996.08,0.867314,robust_novelty_z_not_probability,False,abstention_below_fixed_salience_or_nonmaximum_suppression,
I003,1661.824,4027.504,3.77897,robust_novelty_z_not_probability,False,abstention_below_fixed_salience_or_nonmaximum_suppression,
I003,1682.496,4048.176,5.017018,robust_novelty_z_not_probability,True,retained_fixed_salience_and_separation,
I003,1720.832,4086.512,1.123854,robust_novelty_z_not_probability,False,abstention_below_fixed_salience_or_nonmaximum_suppression,
I003,1763.776,4129.456,1.46874,robust_novelty_z_not_probability,False,abstention_below_fixed_salience_or_nonmaximum_suppression,
I003,1798.377716,4164.057716,5.628721,robust_novelty_z_not_probability,True,retained_fixed_salience_and_separation,
I003,1829.568,4195.248,4.177645,robust_novelty_z_not_probability,False,abstention_below_fixed_salience_or_nonmaximum_suppression,
I003,1890.88,4256.56,0.997581,robust_novelty_z_not_probability,False,abstention_below_fixed_salience_or_nonmaximum_suppression,
I003,1947.968,4313.648,2.977754,robust_novelty_z_not_probability,False,abstention_below_fixed_salience_or_nonmaximum_suppression,
I003,2019.648,4385.328,4.018713,robust_novelty_z_not_probability,False,abstention_below_fixed_salience_or_nonmaximum_suppression,
I003,2040.384,4406.064,6.291643,robust_novelty_z_not_probability,False,abstention_below_fixed_salience_or_nonmaximum_suppression,
I003,2070.528,4436.208,7.135409,robust_novelty_z_not_probability,True,retained_fixed_salience_and_separation,
I003,2152.064,4517.744,2.188826,robust_novelty_z_not_probability,False,abstention_below_fixed_salience_or_nonmaximum_suppression,
I003,2225.792,4591.472,2.985487,robust_novelty_z_not_probability,False,abstention_below_fixed_salience_or_nonmaximum_suppression,
I003,2297.536,4663.216,23.437443,robust_novelty_z_not_probability,True,retained_fixed_salience_and_separation,
I003,2376.704,4742.384,4.737075,robust_novelty_z_not_probability,True,retained_fixed_salience_and_separation,
I003,2406.528,4772.208,1.178177,robust_novelty_z_not_probability,False,abstention_below_fixed_salience_or_nonmaximum_suppression,
I003,2567.15409,4932.83409,2.774553,robust_novelty_z_not_probability,False,abstention_below_fixed_salience_or_nonmaximum_suppression,
I003,2627.264,4992.944,0.881816,robust_novelty_z_not_probability,False,abstention_below_fixed_salience_or_nonmaximum_suppression,
I003,2675.456,5041.136,0.824013,robust_novelty_z_not_probability,False,abstention_below_fixed_salience_or_nonmaximum_suppression,
I003,2695.168,5060.848,1.834697,robust_novelty_z_not_probability,False,abstention_below_fixed_salience_or_nonmaximum_suppression,
I003,2722.752,5088.432,1.658816,robust_novelty_z_not_probability,False,abstention_below_fixed_salience_or_nonmaximum_suppression,
I003,2776.976157,5142.656157,0.982941,robust_novelty_z_not_probability,False,abstention_below_fixed_salience_or_nonmaximum_suppression,
I003,2804.032,5169.712,1.352565,robust_novelty_z_not_probability,False,abstention_below_fixed_salience_or_nonmaximum_suppression,
I003,2859.712,5225.392,3.696348,robust_novelty_z_not_probability,True,retained_fixed_salience_and_separation,
I004,77.632,5427.012,0.83397,robust_novelty_z_not_probability,False,abstention_below_fixed_salience_or_nonmaximum_suppression,
I004,150.72,5500.1,1.575914,robust_novelty_z_not_probability,False,abstention_below_fixed_salience_or_nonmaximum_suppression,
I004,238.592,5587.972,4.872188,robust_novelty_z_not_probability,False,abstention_below_fixed_salience_or_nonmaximum_suppression,
I004,293.696,5643.076,8.20833,robust_novelty_z_not_probability,True,retained_fixed_salience_and_separation,
I004,316.864,5666.244,6.464319,robust_novelty_z_not_probability,False,abstention_below_fixed_salience_or_nonmaximum_suppression,
I004,339.968,5689.348,5.027983,robust_novelty_z_not_probability,False,abstention_below_fixed_salience_or_nonmaximum_suppression,
I004,385.344,5734.724,32.880791,robust_novelty_z_not_probability,True,retained_fixed_salience_and_separation,
I004,508.864,5858.244,7.906125,robust_novelty_z_not_probability,True,retained_fixed_salience_and_separation,
I004,576.256,5925.636,1.677293,robust_novelty_z_not_probability,False,abstention_below_fixed_salience_or_nonmaximum_suppression,
I004,604.224,5953.604,0.948643,robust_novelty_z_not_probability,False,abstention_below_fixed_salience_or_nonmaximum_suppression,
I004,635.909665,5985.289665,2.955575,robust_novelty_z_not_probability,False,abstention_below_fixed_salience_or_nonmaximum_suppression,
I004,680.64,6030.02,1.933042,robust_novelty_z_not_probability,False,abstention_below_fixed_salience_or_nonmaximum_suppression,
I004,707.072,6056.452,1.098154,robust_novelty_z_not_probability,False,abstention_below_fixed_salience_or_nonmaximum_suppression,
I004,757.824,6107.204,5.500549,robust_novelty_z_not_probability,True,retained_fixed_salience_and_separation,
I004,784.256,6133.636,3.267926,robust_novelty_z_not_probability,False,abstention_below_fixed_salience_or_nonmaximum_suppression,
I004,811.392,6160.772,1.442312,robust_novelty_z_not_probability,False,abstention_below_fixed_salience_or_nonmaximum_suppression,
I004,838.272,6187.652,15.592716,robust_novelty_z_not_probability,True,retained_fixed_salience_and_separation,
I004,882.048,6231.428,4.079431,robust_novelty_z_not_probability,False,abstention_below_fixed_salience_or_nonmaximum_suppression,
I004,906.688,6256.068,1.120855,robust_novelty_z_not_probability,False,abstention_below_fixed_salience_or_nonmaximum_suppression,
I004,931.584,6280.964,1.251184,robust_novelty_z_not_probability,False,abstention_below_fixed_salience_or_nonmaximum_suppression,
I004,951.424,6300.804,1.404729,robust_novelty_z_not_probability,False,abstention_below_fixed_salience_or_nonmaximum_suppression,
I004,987.277999,6336.657999,1.999799,robust_novelty_z_not_probability,False,abstention_below_fixed_salience_or_nonmaximum_suppression,
I004,1041.659535,6391.039535,2.643015,robust_novelty_z_not_probability,False,abstention_below_fixed_salience_or_nonmaximum_suppression,
I004,1085.248,6434.628,3.618854,robust_novelty_z_not_probability,True,retained_fixed_salience_and_separation,
I004,1150.848,6500.228,2.223854,robust_novelty_z_not_probability,False,abstention_below_fixed_salience_or_nonmaximum_suppression,
I004,1227.392,6576.772,1.292062,robust_novelty_z_not_probability,False,abstention_below_fixed_salience_or_nonmaximum_suppression,
I004,1289.728,6639.108,7.513158,robust_novelty_z_not_probability,True,retained_fixed_salience_and_separation,
I004,1308.096,6657.476,2.643335,robust_novelty_z_not_probability,False,abstention_below_fixed_salience_or_nonmaximum_suppression,
I004,1345.088,6694.468,1.448803,robust_novelty_z_not_probability,False,abstention_below_fixed_salience_or_nonmaximum_suppression,
I004,1405.888,6755.268,1.955541,robust_novelty_z_not_probability,False,abstention_below_fixed_salience_or_nonmaximum_suppression,
I004,1431.296,6780.676,0.604662,robust_novelty_z_not_probability,False,abstention_below_fixed_salience_or_nonmaximum_suppression,
I004,1481.792,6831.172,2.935723,robust_novelty_z_not_probability,False,abstention_below_fixed_salience_or_nonmaximum_suppression,
I005,37.504,7013.224,3.318033,robust_novelty_z_not_probability,True,retained_fixed_salience_and_separation,
I005,66.612651,7042.332651,0.94261,robust_novelty_z_not_probability,False,abstention_below_fixed_salience_or_nonmaximum_suppression,
I005,100.352,7076.072,0.566552,robust_novelty_z_not_probability,False,abstention_below_fixed_salience_or_nonmaximum_suppression,
I005,119.552,7095.272,1.866138,robust_novelty_z_not_probability,False,abstention_below_fixed_salience_or_nonmaximum_suppression,
I005,203.456,7179.176,0.617063,robust_novelty_z_not_probability,False,abstention_below_fixed_salience_or_nonmaximum_suppression,
