reference_number,artist,title,youtube_reference_seconds,rss_reference_seconds,detection_id,origin,rss_algorithm_seconds,youtube_algorithm_seconds,signed_error_seconds,absolute_error_seconds
1,Mhammed El Alami & Josie Sandfeld,Keep On Running,120,121.3455,V-d002,reliable_voice_explicit_next_music_cue,120.0,118.6545,-1.3455,1.3455
2,Against All Ødds,Save Me,337,338.3455,S003,audio_spectral_transition_assisted_by_rss_track_count,339.71,338.3645,1.3645,1.3645
4,Phillip Castle & Aldor,Embrace The Night,780,781.3455,S005,audio_spectral_transition_assisted_by_rss_track_count,783.62,782.2745,2.2745,2.2745
5,Freak E Beatz & JASSKALL,No Escape,1006,1007.3455,S006,audio_spectral_transition_assisted_by_rss_track_count,1007.94,1006.5945,0.5945,0.5945
8,Cubicore,Black Light,1554,1555.3455,S008,audio_spectral_transition_assisted_by_rss_track_count,1556.93,1555.5845,1.5845,1.5845
12,Spoiled and Zigo,More & More (BLR Remix),2366,2367.3455,V-d005,reliable_voice_explicit_next_music_cue,2365.68,2364.3345,-1.6655,1.6655
13,"Ashley Wallbridge, The Paper Outlet",Forever Young,2614,2615.3455,S013,audio_spectral_transition_assisted_by_rss_track_count,2618.56,2617.2145,3.2145,3.2145
24,Andrew Rayel,Acid On The Train (David Forbes Remix),5348,5349.7265,V-d008,reliable_voice_explicit_next_music_cue,5349.38,5347.6535,-0.3465,0.3465
25,Armin van Buuren feat. Sharon Den Adel,In And Out Of Love (Ben Hemsley Remix),5576,5577.7265,S024,audio_spectral_transition_assisted_by_rss_track_count,5587.97,5586.2435,10.2435,10.2435
26,Xincher & Rav3ver,Echo,5827,5828.7265,S027,audio_spectral_transition_assisted_by_rss_track_count,5858.11,5856.3835,29.3835,29.3835
28,Matt Bukovski & CJ Stone,Stars,6185,6186.7265,S029,audio_spectral_transition_assisted_by_rss_track_count,6187.58,6185.8535,0.8535,0.8535
32,Ferry Corsten,Sweet Sorrow (The Thrillseekers Remix 2004),6974,6975.7265,V-d010,reliable_voice_explicit_next_music_cue,6975.72,6973.9935,-0.0065,0.0065
