number,youtube_time_seconds,artist,title,rss_time_seconds
3,585,Elite Electronic,Shadows,586.3455
7,1400,Vassmo,Stay,1401.3455
9,1775,Benny Benassi & Hypaton feat. Sandy Chambers,Illusion,1776.3455
11,2133,"Genix, Dosem",Transit Point (Genix Mix),2134.3455
15,3062,Victor Ruiz & KURA,FSU,3063.3455
16,3390,MAXTAGE & Fathom (EG),The Right Place (RAYEL Remix),3391.3455
17,3631,Andrew Rayel pres. EXTASIA,Dreaming (Giuseppe Ottaviani Remix),3632.7265
18,3849,MIDI Kitty and Derek Ryan,Miles Away,3850.7265
19,4086,Paul Denton & EKE,Next To Me (Club Mix),4087.7265
20,4310,RAM & Susana pres. Tales Of Life,The Power of Love (Alex M.O.R.P.H. Remix),4311.7265
21,4589,Giuseppe Ottaviani & Ilan Bluestone,Together Again,4590.7265
22,4825,"Aly & Fila, Susie Ledge, Roman Messer, Anton Pallmer",Carry Me Away,4826.7265
25,5576,Armin van Buuren feat. Sharon Den Adel,In And Out Of Love (Ben Hemsley Remix),5577.7265
27,5951,RAM & Richard Durand presents Digital Culture,La La La,5952.7265
30,6587,"Olly James, Panteros666 & Evil Twiin",Berlin '99,6588.7265
31,6730,Maurya Sevak & Jake Ryan,Sata Sata,6731.7265
