transition_id,interval_id,local_time_seconds,absolute_time_seconds,internal_salience,confidence_kind,retained,decision,track_count_target
T001,I002,42.58121,162.58121,22.699005,robust_novelty_z_not_probability,True,retained_fixed_salience_and_separation,
T002,I002,219.712,339.712,6.632229,robust_novelty_z_not_probability,True,retained_fixed_salience_and_separation,
T003,I002,279.936,399.936,4.508697,robust_novelty_z_not_probability,True,retained_fixed_salience_and_separation,
T004,I002,405.376,525.376,5.664044,robust_novelty_z_not_probability,True,retained_fixed_salience_and_separation,
T005,I002,663.616,783.616,4.678817,robust_novelty_z_not_probability,True,retained_fixed_salience_and_separation,
T006,I002,761.28,881.28,3.40251,robust_novelty_z_not_probability,True,retained_fixed_salience_and_separation,
T007,I002,887.872,1007.872,6.180668,robust_novelty_z_not_probability,True,retained_fixed_salience_and_separation,
T008,I002,1113.664,1233.664,6.40711,robust_novelty_z_not_probability,True,retained_fixed_salience_and_separation,
T009,I002,1436.864,1556.864,4.786842,robust_novelty_z_not_probability,True,retained_fixed_salience_and_separation,
T010,I002,1694.234783,1814.234783,8.805038,robust_novelty_z_not_probability,True,retained_fixed_salience_and_separation,
T011,I002,1806.848,1926.848,3.418147,robust_novelty_z_not_probability,True,retained_fixed_salience_and_separation,
T012,I002,1885.968471,2005.968471,3.220092,robust_novelty_z_not_probability,True,retained_fixed_salience_and_separation,
T013,I002,2087.936,2207.936,12.904095,robust_novelty_z_not_probability,True,retained_fixed_salience_and_separation,
T014,I002,2160.896,2280.896,3.099776,robust_novelty_z_not_probability,True,retained_fixed_salience_and_separation,
T015,I003,43.968,2409.648,7.716016,robust_novelty_z_not_probability,True,retained_fixed_salience_and_separation,
T016,I003,154.624,2520.304,11.582825,robust_novelty_z_not_probability,True,retained_fixed_salience_and_separation,
T017,I003,252.742421,2618.422421,6.89335,robust_novelty_z_not_probability,True,retained_fixed_salience_and_separation,
T018,I003,461.44,2827.12,3.85597,robust_novelty_z_not_probability,True,retained_fixed_salience_and_separation,
T019,I003,554.048,2919.728,8.169066,robust_novelty_z_not_probability,True,retained_fixed_salience_and_separation,
T020,I003,618.944,2984.624,20.988468,robust_novelty_z_not_probability,True,retained_fixed_salience_and_separation,
T021,I003,818.88,3184.56,4.431988,robust_novelty_z_not_probability,True,retained_fixed_salience_and_separation,
T022,I003,1198.528,3564.208,3.862802,robust_novelty_z_not_probability,True,retained_fixed_salience_and_separation,
T023,I003,1541.696,3907.376,4.994753,robust_novelty_z_not_probability,True,retained_fixed_salience_and_separation,
T024,I003,1682.496,4048.176,5.017018,robust_novelty_z_not_probability,True,retained_fixed_salience_and_separation,
T025,I003,1798.377716,4164.057716,5.628721,robust_novelty_z_not_probability,True,retained_fixed_salience_and_separation,
T026,I003,2070.528,4436.208,7.135409,robust_novelty_z_not_probability,True,retained_fixed_salience_and_separation,
T027,I003,2297.536,4663.216,23.437443,robust_novelty_z_not_probability,True,retained_fixed_salience_and_separation,
T028,I003,2376.704,4742.384,4.737075,robust_novelty_z_not_probability,True,retained_fixed_salience_and_separation,
T029,I003,2859.712,5225.392,3.696348,robust_novelty_z_not_probability,True,retained_fixed_salience_and_separation,
T030,I004,293.696,5643.076,8.20833,robust_novelty_z_not_probability,True,retained_fixed_salience_and_separation,
T031,I004,385.344,5734.724,32.880791,robust_novelty_z_not_probability,True,retained_fixed_salience_and_separation,
T032,I004,508.864,5858.244,7.906125,robust_novelty_z_not_probability,True,retained_fixed_salience_and_separation,
T033,I004,757.824,6107.204,5.500549,robust_novelty_z_not_probability,True,retained_fixed_salience_and_separation,
T034,I004,838.272,6187.652,15.592716,robust_novelty_z_not_probability,True,retained_fixed_salience_and_separation,
T035,I004,1085.248,6434.628,3.618854,robust_novelty_z_not_probability,True,retained_fixed_salience_and_separation,
T036,I004,1289.728,6639.108,7.513158,robust_novelty_z_not_probability,True,retained_fixed_salience_and_separation,
T037,I005,37.504,7013.224,3.318033,robust_novelty_z_not_probability,True,retained_fixed_salience_and_separation,
