recognition_id,interval_id,candidate_number,artist,title,candidate_rank,local_anchor_seconds,absolute_anchor_seconds,presence_start_local_seconds,presence_end_local_seconds,presence_start_absolute_seconds,presence_end_absolute_seconds,landmark_score,landmark_votes,landmark_events,speed,decision,confidence_kind,independent,assisted
I002-C02-R1,I002,2,Against All Ødds,Save Me,1,218.112,338.112,223.74,246.02,343.74,366.02,52.464,178,237,1.0,presence_assistee_acceptee,score_interne_landmarks_pas_probabilite,False,True
I002-C04-R1,I002,4,Phillip Castle & Aldor,Embrace The Night,1,772.608,892.608,774.66,800.26,894.66,920.26,25.096,88,178,1.0,presence_assistee_acceptee,score_interne_landmarks_pas_probabilite,False,True
I002-C05-R1,I002,5,Freak E Beatz & JASSKALL,No Escape,1,940.032,1060.032,941.57,967.94,1061.57,1087.94,33.75,103,117,1.0,presence_assistee_acceptee,score_interne_landmarks_pas_probabilite,False,True
I002-C08-R1,I002,8,Cubicore,Black Light,1,1531.392,1651.392,1534.98,1558.78,1654.98,1678.78,11.951,55,62,1.0,presence_assistee_acceptee,score_interne_landmarks_pas_probabilite,False,True
I002-C09-R1,I002,9,Benny Benassi & Hypaton feat. Sandy Chambers,Illusion,1,1711.104,1831.104,1713.15,1735.1,1833.15,1855.1,121.152,251,263,1.0,presence_assistee_acceptee,score_interne_landmarks_pas_probabilite,False,True
I002-C11-R1,I002,11,"Genix, Dosem",Transit Point (Genix Mix),1,2033.152,2153.152,2039.55,2061.57,2159.55,2181.57,69.412,219,274,1.0,presence_assistee_acceptee,score_interne_landmarks_pas_probabilite,False,True
I003-C13-R1,I003,13,"Ashley Wallbridge, The Paper Outlet",Forever Young,1,338.432,2704.112,339.46,366.34,2705.14,2732.02,65.508,160,212,1.0,presence_assistee_acceptee,score_interne_landmarks_pas_probabilite,False,True
I003-C14-R1,I003,14,Markus Schulz,Second Tomorrow,1,654.336,3020.016,657.41,682.5,3023.09,3048.18,23.743,120,139,1.0,presence_assistee_acceptee,score_interne_landmarks_pas_probabilite,False,True
I003-C16-R1,I003,16,MAXTAGE & Fathom (EG),The Right Place (RAYEL Remix),1,1092.608,3458.288,1094.6,1117.95,3460.28,3483.63,47.822,99,107,1.0,presence_assistee_acceptee,score_interne_landmarks_pas_probabilite,False,True
I004-C24-R1,I004,24,Andrew Rayel,Acid On The Train (David Forbes Remix),1,98.304,5447.684,98.56,126.21,5447.94,5475.59,26.607,108,127,1.0,presence_assistee_acceptee,score_interne_landmarks_pas_probabilite,False,True
I004-C25-R1,I004,25,Armin van Buuren feat. Sharon Den Adel,In And Out Of Love (Ben Hemsley Remix),1,345.088,5694.468,348.16,374.53,5697.54,5723.91,99.304,236,252,1.0,presence_assistee_acceptee,score_interne_landmarks_pas_probabilite,False,True
I004-C30-R1,I004,30,"Olly James, Panteros666 & Evil Twiin",Berlin '99,1,1239.04,6588.42,1241.34,1267.2,6590.72,6616.58,39.332,135,146,1.0,presence_assistee_acceptee,score_interne_landmarks_pas_probabilite,False,True
I004-C31-R1,I004,31,Maurya Sevak & Jake Ryan,Sata Sata,1,1474.048,6823.428,1480.7,1501.95,6830.08,6851.33,252.95,514,535,1.0,presence_assistee_acceptee,score_interne_landmarks_pas_probabilite,False,True
I005-C16-R1,I005,16,MAXTAGE & Fathom (EG),The Right Place (RAYEL Remix),1,205.824,7181.544,206.59,233.73,7182.31,7209.45,10.295,30,59,1.0,presence_assistee_acceptee,score_interne_landmarks_pas_probabilite,False,True
