reference_number,artist,title,youtube_reference_seconds,algorithm_youtube_seconds,status,absolute_error_seconds
1,Mhammed El Alami & Josie Sandfeld,Keep On Running,120,,non trouve,
2,Against All Ødds,Save Me,337,338.3645,trouve,1.3645
3,Elite Electronic,Shadows,585,,non trouve,
4,Phillip Castle & Aldor,Embrace The Night,780,782.2745,trouve,2.2745
5,Freak E Beatz & JASSKALL,No Escape,1006,1006.5945,trouve,0.5945
6,Adriatique,Palm Of Your Hands,1142,1113.1445,trouve,28.8555
7,Vassmo,Stay,1400,,non trouve,
8,Cubicore,Black Light,1554,1555.5845,trouve,1.5845
9,Benny Benassi & Hypaton feat. Sandy Chambers,Illusion,1775,,non trouve,
10,"Mike Williams, Three Drives, ANTICALM",Greece 2000,1955,1925.5045,trouve,29.4955
11,"Genix, Dosem",Transit Point (Genix Mix),2133,,non trouve,
12,Spoiled and Zigo,More & More (BLR Remix),2366,,non trouve,
13,"Ashley Wallbridge, The Paper Outlet",Forever Young,2614,2617.2145,trouve,3.2145
14,Markus Schulz,Second Tomorrow,2825,2825.7245,trouve,0.7245
15,Victor Ruiz & KURA,FSU,3062,,non trouve,
16,MAXTAGE & Fathom (EG),The Right Place (RAYEL Remix),3390,,non trouve,
17,Andrew Rayel pres. EXTASIA,Dreaming (Giuseppe Ottaviani Remix),3631,,non trouve,
18,MIDI Kitty and Derek Ryan,Miles Away,3849,,non trouve,
19,Paul Denton & EKE,Next To Me (Club Mix),4086,,non trouve,
20,RAM & Susana pres. Tales Of Life,The Power of Love (Alex M.O.R.P.H. Remix),4310,,non trouve,
21,Giuseppe Ottaviani & Ilan Bluestone,Together Again,4589,,non trouve,
22,"Aly & Fila, Susie Ledge, Roman Messer, Anton Pallmer",Carry Me Away,4825,,non trouve,
23,John Askew,Through The Looking Glass (Nikolauss Remix),5059,,non trouve,
24,Andrew Rayel,Acid On The Train (David Forbes Remix),5348,5374.0135,trouve,26.0135
25,Armin van Buuren feat. Sharon Den Adel,In And Out Of Love (Ben Hemsley Remix),5576,,non trouve,
26,Xincher & Rav3ver,Echo,5827,5856.3835,trouve,29.3835
27,RAM & Richard Durand presents Digital Culture,La La La,5951,,non trouve,
28,Matt Bukovski & CJ Stone,Stars,6185,6185.8535,trouve,0.8535
29,"LAWTON, Trancemaster Krause & Caroline Roxy",Believe In,6383,6389.2735,trouve,6.2735
30,"Olly James, Panteros666 & Evil Twiin",Berlin '99,6587,,non trouve,
31,Maurya Sevak & Jake Ryan,Sata Sata,6730,,non trouve,
32,Ferry Corsten,Sweet Sorrow (The Thrillseekers Remix 2004),6974,,non trouve,
