transition_id,interval_id,local_time_seconds,absolute_time_seconds,internal_salience,origin,anchor_recognition_ids,window_id,reason
T005,I002,42.58121,162.58121,22.699005,local_spectral_fallback,[],,hors_fenetre_contrainte
T006,I002,219.712,339.712,6.632229,local_spectral_fallback,[],,hors_fenetre_contrainte
T007,I002,279.936,399.936,4.508697,local_spectral_fallback,[],,hors_fenetre_contrainte
T001,I002,405.376,525.376,5.664044,anchor_constrained_spectral,"[""I002-C02-R1"",""I002-C04-R1""]",W001,retenue_maximum_spectral_dans_fenetre_contrainte
T008,I002,663.616,783.616,4.678817,local_spectral_fallback,[],,hors_fenetre_contrainte
T009,I002,761.28,881.28,3.40251,local_spectral_fallback,[],,hors_fenetre_contrainte
T002,I002,887.872,1007.872,6.180668,anchor_constrained_spectral,"[""I002-C04-R1"",""I002-C05-R1""]",W002,retenue_maximum_spectral_dans_fenetre_contrainte
T010,I002,1113.664,1233.664,6.40711,local_spectral_fallback,[],,hors_fenetre_contrainte
T003,I002,1158.016,1278.016,3.466632,anchor_constrained_spectral,"[""I002-C05-R1"",""I002-C08-R1""]",W003,retenue_maximum_spectral_dans_fenetre_contrainte
T011,I002,1436.864,1556.864,4.786842,local_spectral_fallback,[],,hors_fenetre_contrainte
T004,I002,1694.234783,1814.234783,8.805038,anchor_constrained_spectral,"[""I002-C08-R1"",""I002-C09-R1""]",W004,retenue_maximum_spectral_dans_fenetre_contrainte
T012,I002,2087.936,2207.936,12.904095,local_spectral_fallback,[],,hors_fenetre_contrainte
T013,I002,2160.896,2280.896,3.099776,local_spectral_fallback,[],,hors_fenetre_contrainte
T016,I003,43.968,2409.648,7.716016,local_spectral_fallback,[],,hors_fenetre_contrainte
T017,I003,154.624,2520.304,11.582825,local_spectral_fallback,[],,hors_fenetre_contrainte
T018,I003,252.742421,2618.422421,6.89335,local_spectral_fallback,[],,hors_fenetre_contrainte
T014,I003,618.944,2984.624,20.988468,anchor_constrained_spectral,"[""I003-C13-R1"",""I003-C14-R1""]",W006,retenue_maximum_spectral_dans_fenetre_contrainte
T015,I003,818.88,3184.56,4.431988,anchor_constrained_spectral,"[""I003-C14-R1"",""I003-C16-R1""]",W007,retenue_maximum_spectral_dans_fenetre_contrainte
T019,I003,1198.528,3564.208,3.862802,local_spectral_fallback,[],,hors_fenetre_contrainte
T020,I003,1541.696,3907.376,4.994753,local_spectral_fallback,[],,hors_fenetre_contrainte
T021,I003,1682.496,4048.176,5.017018,local_spectral_fallback,[],,hors_fenetre_contrainte
T022,I003,1798.377716,4164.057716,5.628721,local_spectral_fallback,[],,hors_fenetre_contrainte
T023,I003,2070.528,4436.208,7.135409,local_spectral_fallback,[],,hors_fenetre_contrainte
T024,I003,2297.536,4663.216,23.437443,local_spectral_fallback,[],,hors_fenetre_contrainte
T025,I003,2376.704,4742.384,4.737075,local_spectral_fallback,[],,hors_fenetre_contrainte
T026,I003,2859.712,5225.392,3.696348,local_spectral_fallback,[],,hors_fenetre_contrainte
T027,I004,293.696,5643.076,8.20833,anchor_constrained_spectral,"[""I004-C24-R1"",""I004-C25-R1""]",W008,retenue_maximum_spectral_dans_fenetre_contrainte
T030,I004,385.344,5734.724,32.880791,local_spectral_fallback,[],,hors_fenetre_contrainte
T031,I004,508.864,5858.244,7.906125,local_spectral_fallback,[],,hors_fenetre_contrainte
T028,I004,838.272,6187.652,15.592716,anchor_constrained_spectral,"[""I004-C25-R1"",""I004-C30-R1""]",W009,retenue_maximum_spectral_dans_fenetre_contrainte
T032,I004,1085.248,6434.628,3.618854,local_spectral_fallback,[],,hors_fenetre_contrainte
T029,I004,1289.728,6639.108,7.513158,anchor_constrained_spectral,"[""I004-C30-R1"",""I004-C31-R1""]",W010,retenue_maximum_spectral_dans_fenetre_contrainte
T033,I005,37.504,7013.224,3.318033,local_spectral_fallback,[],,hors_fenetre_contrainte
