reference_number,artist,title,youtube_reference_seconds,baseline_status,baseline_youtube_algorithm_seconds,baseline_absolute_error_seconds,initial_plus_voice_status,initial_plus_voice_detection_id,initial_plus_voice_origin,initial_plus_voice_youtube_algorithm_seconds,initial_plus_voice_absolute_error_seconds
1,Mhammed El Alami & Josie Sandfeld,Keep On Running,120,non trouve,,,trouve,V-d002,reliable_voice_explicit_next_music_cue,118.6545,1.3455
2,Against All Ødds,Save Me,337,trouve,338.3645,1.3645,trouve,S003,audio_spectral_transition_assisted_by_rss_track_count,338.3645,1.3645
3,Elite Electronic,Shadows,585,non trouve,,,non trouve,,,,
4,Phillip Castle & Aldor,Embrace The Night,780,trouve,782.2745,2.2745,trouve,S005,audio_spectral_transition_assisted_by_rss_track_count,782.2745,2.2745
5,Freak E Beatz & JASSKALL,No Escape,1006,trouve,1006.5945,0.5945,trouve,S006,audio_spectral_transition_assisted_by_rss_track_count,1006.5945,0.5945
6,Adriatique,Palm Of Your Hands,1142,non trouve,,,non trouve,,,,
7,Vassmo,Stay,1400,non trouve,,,non trouve,,,,
8,Cubicore,Black Light,1554,trouve,1555.5845,1.5845,trouve,S008,audio_spectral_transition_assisted_by_rss_track_count,1555.5845,1.5845
9,Benny Benassi & Hypaton feat. Sandy Chambers,Illusion,1775,non trouve,,,non trouve,,,,
10,"Mike Williams, Three Drives, ANTICALM",Greece 2000,1955,non trouve,,,non trouve,,,,
11,"Genix, Dosem",Transit Point (Genix Mix),2133,non trouve,,,non trouve,,,,
12,Spoiled and Zigo,More & More (BLR Remix),2366,non trouve,,,trouve,V-d005,reliable_voice_explicit_next_music_cue,2364.3345,1.6655
13,"Ashley Wallbridge, The Paper Outlet",Forever Young,2614,trouve,2617.2145,3.2145,trouve,S013,audio_spectral_transition_assisted_by_rss_track_count,2617.2145,3.2145
14,Markus Schulz,Second Tomorrow,2825,non trouve,,,non trouve,,,,
15,Victor Ruiz & KURA,FSU,3062,non trouve,,,non trouve,,,,
16,MAXTAGE & Fathom (EG),The Right Place (RAYEL Remix),3390,non trouve,,,non trouve,,,,
17,Andrew Rayel pres. EXTASIA,Dreaming (Giuseppe Ottaviani Remix),3631,non trouve,,,non trouve,,,,
18,MIDI Kitty and Derek Ryan,Miles Away,3849,non trouve,,,non trouve,,,,
19,Paul Denton & EKE,Next To Me (Club Mix),4086,non trouve,,,non trouve,,,,
20,RAM & Susana pres. Tales Of Life,The Power of Love (Alex M.O.R.P.H. Remix),4310,non trouve,,,non trouve,,,,
21,Giuseppe Ottaviani & Ilan Bluestone,Together Again,4589,non trouve,,,non trouve,,,,
22,"Aly & Fila, Susie Ledge, Roman Messer, Anton Pallmer",Carry Me Away,4825,non trouve,,,non trouve,,,,
23,John Askew,Through The Looking Glass (Nikolauss Remix),5059,non trouve,,,non trouve,,,,
24,Andrew Rayel,Acid On The Train (David Forbes Remix),5348,trouve,5374.0135,26.0135,trouve,V-d008,reliable_voice_explicit_next_music_cue,5347.6535,0.3465
25,Armin van Buuren feat. Sharon Den Adel,In And Out Of Love (Ben Hemsley Remix),5576,trouve,5586.2435,10.2435,trouve,S024,audio_spectral_transition_assisted_by_rss_track_count,5586.2435,10.2435
26,Xincher & Rav3ver,Echo,5827,trouve,5856.3835,29.3835,trouve,S027,audio_spectral_transition_assisted_by_rss_track_count,5856.3835,29.3835
27,RAM & Richard Durand presents Digital Culture,La La La,5951,non trouve,,,non trouve,,,,
28,Matt Bukovski & CJ Stone,Stars,6185,trouve,6185.8535,0.8535,trouve,S029,audio_spectral_transition_assisted_by_rss_track_count,6185.8535,0.8535
29,"LAWTON, Trancemaster Krause & Caroline Roxy",Believe In,6383,non trouve,,,non trouve,,,,
30,"Olly James, Panteros666 & Evil Twiin",Berlin '99,6587,non trouve,,,non trouve,,,,
31,Maurya Sevak & Jake Ryan,Sata Sata,6730,non trouve,,,non trouve,,,,
32,Ferry Corsten,Sweet Sorrow (The Thrillseekers Remix 2004),6974,non trouve,,,trouve,V-d010,reliable_voice_explicit_next_music_cue,6973.9935,0.0065
