reference_number,artist,title,youtube_reference_seconds,rss_reference_seconds,algorithm_track_number,rss_algorithm_seconds,algorithm_brought_to_youtube_seconds,signed_error_seconds,absolute_error_seconds
2,Against All Ødds,Save Me,337,338.3455,2,339.71,338.3645,1.3645,1.3645
4,Phillip Castle & Aldor,Embrace The Night,780,781.3455,4,783.62,782.2745,2.2745,2.2745
5,Freak E Beatz & JASSKALL,No Escape,1006,1007.3455,5,1007.94,1006.5945,0.5945,0.5945
6,Adriatique,Palm Of Your Hands,1142,1143.3455,6,1114.49,1113.1445,-28.8555,28.8555
8,Cubicore,Black Light,1554,1555.3455,8,1556.93,1555.5845,1.5845,1.5845
10,"Mike Williams, Three Drives, ANTICALM",Greece 2000,1955,1956.3455,10,1926.85,1925.5045,-29.4955,29.4955
13,"Ashley Wallbridge, The Paper Outlet",Forever Young,2614,2615.3455,13,2618.56,2617.2145,3.2145,3.2145
14,Markus Schulz,Second Tomorrow,2825,2826.3455,14,2827.07,2825.7245,0.7245,0.7245
24,Andrew Rayel,Acid On The Train (David Forbes Remix),5348,5349.7265,24,5375.74,5374.0135,26.0135,26.0135
26,Xincher & Rav3ver,Echo,5827,5828.7265,26,5858.11,5856.3835,29.3835,29.3835
28,Matt Bukovski & CJ Stone,Stars,6185,6186.7265,28,6187.58,6185.8535,0.8535,0.8535
29,"LAWTON, Trancemaster Krause & Caroline Roxy",Believe In,6383,6384.7265,29,6391.0,6389.2735,6.2735,6.2735
