detection_id,start_seconds,end_seconds,vad_confidence,transcribed,transcript,interpretation_decision,interpretation_reason,relation,track_index,anchor_decision,anchor_reason
find-your-harmony-512-complete-voice-d001,0.0,4.58,0.9086,True,"This is Find Your Harmony with me, your host, Andrew Ryan.",abstain,voice_confidence_below_threshold,,,not_submitted,voice_confidence_below_threshold
find-your-harmony-512-complete-voice-d002,77.94,120.0,0.9884,True,"Hey everyone, welcome to episode 512 of Find Your Harmony. Coming up tonight, music by Marco Schulz, Adriatic, Giuseppe Ottaviani and Ilan Bluestone, a new one by our resident, Vasmo, another play of my track, Acid on the Train, in the David Forbes remix. A world premiere for you tonight, the Giuseppe Ottaviani remix of my ecstasy track, Dreaming. Also, a big reminder for you guys, FYH 500 Amsterdam, tickets are running very low and this show will be sold out very soon so make sure to get yours right now. Kicking things off with a new release on Rising Harmony, this is Mohamed El Alami and Josie Sandfield. Keep on running.",candidate_anchor,,next,0,accepted,
find-your-harmony-512-complete-voice-d003,1383.18,1389.16,0.8166,True,"get back to the music with a new release on FYH and the lightsight track of this week. This is VASMO, stay!",abstain,voice_confidence_below_threshold,,,not_submitted,voice_confidence_below_threshold
find-your-harmony-512-complete-voice-d004,1614.92,1651.52,0.7694,True,There are moments when silence descends upon you like a heavy leaden rain. When breath is stolen from your chest the way the sea abandons a fish upon the shore. And in those moments you begin to long for the impenetrable wall of sound to break you open once more. For your body to become one with all things and a single trembling vibration. For everything to vanish and for you to be taken away on tour.,abstain,voice_confidence_below_threshold,,,not_submitted,voice_confidence_below_threshold
find-your-harmony-512-complete-voice-d005,2352.34,2365.68,0.9864,True,"If you just tuned in, this is Find Your Harmony, episode 512. I'm Andrei Il, I hope you're enjoying the tracks I'm playing so far. I'm gonna move on with Spoiled and Zigo, this is more and more in the BLR remix.",candidate_anchor,,next,11,accepted,
find-your-harmony-512-complete-voice-d006,3377.18,3391.04,0.8435,True,"I'll be closing the first hour with my remix of Max Stage and Fatem, the right place. But don't go anywhere, as I've got 60 more minutes for you with the best and most amazing uplifting and 138 tracks, but also some harder ones at the end.",abstain,voice_confidence_below_threshold,,,not_submitted,voice_confidence_below_threshold
find-your-harmony-512-complete-voice-d007,3582.46,3632.38,0.9269,True,"Welcome back to Fungio Harmony. This is our number two. And now the moment I'll be waiting to share with you guys. My favorite of the moment this week. And honestly, this is a huge one for me. This is a massive remix from the Italian maestro himself Giuseppe Ottaviani of my Ecstasia track Dreaming. I actually premiered this remix during my Ecstasia set at Luminosity Beach Festival. And the reaction in that crowd told me everything that I needed to know. Giuseppe took this track somewhere completely new and I think you're going to feel it the moment it drops. I'd love to know what do you guys think of this one, let me know in the comments and mark your calendars because it's coming out this Friday on Find Your Harmony. Close your eyes and feel the harmony of Andrew I. Yell presents Ecstasia Dreaming in the Giuseppe Ottaviani.",abstain,voice_confidence_below_threshold,,,not_submitted,voice_confidence_below_threshold
find-your-harmony-512-complete-voice-d008,5345.28,5349.38,0.9698,True,Back to the music with my track ACID on the train in the David Forbes remix.,candidate_anchor,,next,23,accepted,
find-your-harmony-512-complete-voice-d009,6645.28,6657.16,0.5177,True,This year's get-together is expected to attract 1.7 million people. What began in 1989 as 150 people dancing up West Berlin as well to the world's biggest celebration of techno music and the party goes on.,abstain,voice_confidence_below_threshold,,,not_submitted,voice_confidence_below_threshold
find-your-harmony-512-complete-voice-d010,6952.62,6975.72,0.9626,True,"Before we close, quick reminder, FOH 500 Amsterdam tickets are running low. Get yours now at findyourharmony.net and I'll see some of you very soon in Milan for my first ever club show in Italy. And now it's time for the Classic Selection, very course then, sweet sorrow in the Thrill Seekers remix. Thanks for tuning in and as always, may the harmony be with you.",candidate_anchor,,next,31,accepted,
