window_id,interval_id,left_recognition_id,right_recognition_id,left_candidate_number,right_candidate_number,window_start_local_seconds,window_end_local_seconds,window_start_absolute_seconds,window_end_absolute_seconds,spectral_candidates,decision,selected_local_seconds
W001,I002,I002-C02-R1,I002-C04-R1,2,4,390.34,630.34,510.34,750.34,"[{""local_time_seconds"":405.376,""score"":5.664044},{""local_time_seconds"":467.136,""score"":2.513877},{""local_time_seconds"":549.248,""score"":1.951192},{""local_time_seconds"":622.144,""score"":1.742238},{""local_time_seconds"":525.824,""score"":1.638986},{""local_time_seconds"":603.328,""score"":0.686358}]",retenue_maximum_spectral_dans_fenetre_contrainte,405.376
W002,I002,I002-C04-R1,I002-C05-R1,4,5,770.26,971.57,890.26,1091.57,"[{""local_time_seconds"":887.872,""score"":6.180668},{""local_time_seconds"":820.672,""score"":2.458531},{""local_time_seconds"":934.528,""score"":2.329809}]",retenue_maximum_spectral_dans_fenetre_contrainte,887.872
W003,I002,I002-C05-R1,I002-C08-R1,5,8,1131.46,1371.46,1251.46,1491.46,"[{""local_time_seconds"":1158.016,""score"":3.466632},{""local_time_seconds"":1329.024,""score"":2.787753},{""local_time_seconds"":1275.712,""score"":1.095068},{""local_time_seconds"":1352.768,""score"":1.06212}]",retenue_maximum_spectral_dans_fenetre_contrainte,1158.016
W004,I002,I002-C08-R1,I002-C09-R1,8,9,1528.78,1743.15,1648.78,1863.15,"[{""local_time_seconds"":1694.234783,""score"":8.805038},{""local_time_seconds"":1529.92,""score"":1.635443},{""local_time_seconds"":1626.752,""score"":1.524112},{""local_time_seconds"":1550.4,""score"":1.223038},{""local_time_seconds"":1595.84,""score"":1.138441}]",retenue_maximum_spectral_dans_fenetre_contrainte,1694.234783
W005,I002,I002-C09-R1,I002-C11-R1,9,11,1767.325,2007.325,1887.325,2127.325,"[{""local_time_seconds"":1806.848,""score"":3.418147},{""local_time_seconds"":1885.968471,""score"":3.220092},{""local_time_seconds"":1940.8,""score"":2.850309},{""local_time_seconds"":1970.24,""score"":2.395292},{""local_time_seconds"":1774.336,""score"":1.515824},{""local_time_seconds"":1837.376,""score"":1.006278}]",abstention_maxima_spectraux_ambigus,
W006,I003,I003-C13-R1,I003-C14-R1,13,14,391.875,631.875,2757.555,2997.555,"[{""local_time_seconds"":618.944,""score"":20.988468},{""local_time_seconds"":554.048,""score"":8.169066},{""local_time_seconds"":461.44,""score"":3.85597},{""local_time_seconds"":393.038795,""score"":1.298986},{""local_time_seconds"":589.184,""score"":1.201726}]",retenue_maximum_spectral_dans_fenetre_contrainte,618.944
W007,I003,I003-C14-R1,I003-C16-R1,14,16,768.55,1008.55,3134.23,3374.23,"[{""local_time_seconds"":818.88,""score"":4.431988},{""local_time_seconds"":776.064,""score"":2.654586},{""local_time_seconds"":842.368,""score"":2.160295},{""local_time_seconds"":889.728,""score"":1.596872}]",retenue_maximum_spectral_dans_fenetre_contrainte,818.88
W008,I004,I004-C24-R1,I004-C25-R1,24,25,117.185,357.185,5466.565,5706.565,"[{""local_time_seconds"":293.696,""score"":8.20833},{""local_time_seconds"":316.864,""score"":6.464319},{""local_time_seconds"":339.968,""score"":5.027983},{""local_time_seconds"":238.592,""score"":4.872187},{""local_time_seconds"":150.72,""score"":1.575914}]",retenue_maximum_spectral_dans_fenetre_contrainte,293.696
W009,I004,I004-C25-R1,I004-C30-R1,25,30,687.935,927.935,6037.315,6277.315,"[{""local_time_seconds"":838.272,""score"":15.592716},{""local_time_seconds"":757.824,""score"":5.500549},{""local_time_seconds"":882.048,""score"":4.079431},{""local_time_seconds"":784.256,""score"":3.267926},{""local_time_seconds"":811.392,""score"":1.442312},{""local_time_seconds"":906.688,""score"":1.120855},{""local_time_seconds"":707.072,""score"":1.098154}]",retenue_maximum_spectral_dans_fenetre_contrainte,838.272
W010,I004,I004-C30-R1,I004-C31-R1,30,31,1253.95,1493.95,6603.33,6843.33,"[{""local_time_seconds"":1289.728,""score"":7.513158},{""local_time_seconds"":1481.792,""score"":2.935723},{""local_time_seconds"":1308.096,""score"":2.643335},{""local_time_seconds"":1405.888,""score"":1.955541},{""local_time_seconds"":1345.088,""score"":1.448803},{""local_time_seconds"":1431.296,""score"":0.604662}]",retenue_maximum_spectral_dans_fenetre_contrainte,1289.728
