interval_id,rank_by_score,local_time_seconds,absolute_time_seconds,internal_salience
I001,1,37.056,37.056,2.583072
I001,2,65.00751,65.00751,1.085353
I002,1,42.58121,162.58121,22.699005
I002,2,2087.936,2207.936,12.904095
I002,3,1694.234783,1814.234783,8.805038
I002,4,219.712,339.712,6.632229
I002,5,1113.664,1233.664,6.40711
I002,6,887.872,1007.872,6.180668
I002,7,2124.672,2244.672,5.849316
I002,8,405.376,525.376,5.664044
I002,9,1436.864,1556.864,4.786842
I002,10,663.616,783.616,4.678817
I002,11,279.936,399.936,4.508697
I002,12,1496.128,1616.128,4.206425
I002,13,2029.44,2149.44,4.177059
I002,14,309.76,429.76,3.602805
I002,15,1158.016,1278.016,3.466632
I002,16,1806.848,1926.848,3.418147
I002,17,761.28,881.28,3.40251
I002,18,1885.968471,2005.968471,3.220092
I002,19,2160.896,2280.896,3.099776
I002,20,1940.8,2060.8,2.850309
I002,21,1329.024,1449.024,2.787753
I002,22,467.136,587.136,2.513877
I002,23,820.672,940.672,2.458531
I002,24,370.752,490.752,2.420312
I002,25,1970.24,2090.24,2.395292
I002,26,934.528,1054.528,2.329809
I002,27,2202.816,2322.816,2.292693
I002,28,111.936,231.936,2.21611
I002,29,1008.512,1128.512,2.120608
I002,30,549.248,669.248,1.951192
I002,31,622.144,742.144,1.742238
I002,32,525.824,645.824,1.638986
I002,33,1529.92,1649.92,1.635443
I002,34,1626.752,1746.752,1.524112
I002,35,1774.336,1894.336,1.515824
I002,36,977.28,1097.28,1.446301
I002,37,1550.4,1670.4,1.223038
I002,38,1595.84,1715.84,1.138441
I002,39,1275.712,1395.712,1.095068
I002,40,1352.768,1472.768,1.06212
I002,41,1837.376,1957.376,1.006278
I002,42,1061.12,1181.12,0.920617
I002,43,603.328,723.328,0.686358
I003,1,2297.536,4663.216,23.437443
I003,2,618.944,2984.624,20.988468
I003,3,154.624,2520.304,11.582825
I003,4,653.632,3019.312,9.580888
I003,5,124.992,2490.672,9.27526
I003,6,554.048,2919.728,8.169066
I003,7,43.968,2409.648,7.716016
I003,8,2070.528,4436.208,7.135409
I003,9,252.742421,2618.422421,6.89335
I003,10,2040.384,4406.064,6.291643
I003,11,1798.377716,4164.057716,5.628721
I003,12,1682.496,4048.176,5.017018
I003,13,1541.696,3907.376,4.994753
I003,14,2376.704,4742.384,4.737075
I003,15,818.88,3184.56,4.431988
I003,16,1829.568,4195.248,4.177645
I003,17,2019.648,4385.328,4.018713
I003,18,1198.528,3564.208,3.862802
I003,19,461.44,2827.12,3.85597
I003,20,1661.824,4027.504,3.778971
I003,21,2859.712,5225.392,3.696348
I003,22,2225.792,4591.472,2.985487
I003,23,1947.968,4313.648,2.977754
I003,24,1342.656,3708.336,2.91294
I003,25,1319.296,3684.976,2.827485
I003,26,2567.15409,4932.83409,2.774553
I003,27,776.064,3141.744,2.654586
I003,28,1604.416,3970.096,2.619774
I003,29,1576.768,3942.448,2.553791
I003,30,741.568,3107.248,2.287189
I003,31,2152.064,4517.744,2.188826
I003,32,842.368,3208.048,2.160295
I003,33,206.016,2571.696,2.097393
I003,34,2695.168,5060.848,1.834697
I003,35,1457.216,3822.896,1.744413
I003,36,2722.752,5088.432,1.658816
I003,37,889.728,3255.408,1.596872
I003,38,699.328,3065.008,1.589435
I003,39,1763.776,4129.456,1.46874
I003,40,2804.032,5169.712,1.352565
I003,41,393.038795,2758.718795,1.298986
I003,42,1485.44,3851.12,1.281395
I003,43,589.184,2954.864,1.201726
I003,44,2406.528,4772.208,1.178177
I003,45,1103.552,3469.232,1.145364
I003,46,1720.832,4086.512,1.123854
I003,47,1139.456,3505.136,1.116515
I003,48,1890.88,4256.56,0.997581
I003,49,2776.976157,5142.656157,0.982941
I003,50,2627.264,4992.944,0.881816
I003,51,1630.4,3996.08,0.867314
I003,52,2675.456,5041.136,0.824013
I003,53,1387.392,3753.072,0.813239
I003,54,289.024,2654.704,0.70141
I003,55,1271.424,3637.104,0.690238
I003,56,1063.488,3429.168,0.670578
I003,57,1510.912,3876.592,0.600706
I003,58,317.696,2683.376,0.569239
I004,1,385.344,5734.724,32.880791
I004,2,838.272,6187.652,15.592716
I004,3,293.696,5643.076,8.20833
I004,4,508.864,5858.244,7.906125
I004,5,1289.728,6639.108,7.513158
I004,6,316.864,5666.244,6.464319
I004,7,757.824,6107.204,5.500549
I004,8,339.968,5689.348,5.027983
I004,9,238.592,5587.972,4.872187
I004,10,882.048,6231.428,4.079431
I004,11,1085.248,6434.628,3.618854
I004,12,784.256,6133.636,3.267926
I004,13,635.909665,5985.289665,2.955575
I004,14,1481.792,6831.172,2.935723
I004,15,1308.096,6657.476,2.643335
I004,16,1041.659535,6391.039535,2.643015
I004,17,1150.848,6500.228,2.223854
I004,18,987.277999,6336.657999,1.999799
I004,19,1405.888,6755.268,1.955541
I004,20,680.64,6030.02,1.933042
I004,21,576.256,5925.636,1.677293
I004,22,150.72,5500.1,1.575914
I004,23,1345.088,6694.468,1.448803
I004,24,811.392,6160.772,1.442312
I004,25,951.424,6300.804,1.404729
I004,26,1227.392,6576.772,1.292062
I004,27,931.584,6280.964,1.251184
I004,28,906.688,6256.068,1.120855
I004,29,707.072,6056.452,1.098154
I004,30,604.224,5953.604,0.948643
I004,31,77.632,5427.012,0.83397
I004,32,1431.296,6780.676,0.604662
I005,1,37.504,7013.224,3.318033
I005,2,119.552,7095.272,1.866138
I005,3,66.612651,7042.332651,0.94261
I005,4,203.456,7179.176,0.617063
I005,5,100.352,7076.072,0.566552
