number,artist,title,rss_time_seconds,confidence
3,Elite Electronic,Shadows,525.44,68
7,Vassmo,Stay,1233.6,62
9,Benny Benassi & Hypaton feat. Sandy Chambers,Illusion,1807.17,68
11,"Genix, Dosem",Transit Point (Genix Mix),2208.0,68
15,Victor Ruiz & KURA,FSU,2984.64,62
16,MAXTAGE & Fathom (EG),The Right Place (RAYEL Remix),3338.08,82
17,Andrew Rayel pres. EXTASIA,Dreaming (Giuseppe Ottaviani Remix),3564.1,69
18,MIDI Kitty and Derek Ryan,Miles Away,3907.39,63
19,Paul Denton & EKE,Next To Me (Club Mix),4157.82,67
20,RAM & Susana pres. Tales Of Life,The Power of Love (Alex M.O.R.P.H. Remix),4436.16,65
21,Giuseppe Ottaviani & Ilan Bluestone,Together Again,4663.17,69
22,"Aly & Fila, Susie Ledge, Roman Messer, Anton Pallmer",Carry Me Away,4926.21,70
25,Armin van Buuren feat. Sharon Den Adel,In And Out Of Love (Ben Hemsley Remix),5734.78,69
27,RAM & Richard Durand presents Digital Culture,La La La,5985.16,60
30,"Olly James, Panteros666 & Evil Twiin",Berlin '99,6500.16,68
31,Maurya Sevak & Jake Ryan,Sata Sata,6694.46,68
