episode_id,episode_title,algorithm_time_seconds,confidence,ina_speech_start_seconds,ina_speech_end_seconds,ina_speech_duration_seconds,ina_music_end_seconds,ina_music_duration_seconds,silero_speech_start_seconds,silero_speech_end_seconds,model_end_gap_seconds,speech_overlap_seconds,confidence_components,detection_id,confidence_threshold,passes_confidence_threshold,status,combined_decision,combined_reason
find-your-harmony-511,Find Your Harmony Episode #511,4.58,0.9086,0.0,4.58,4.58,77.72,73.14,0.514,5.054,0.474,4.066,"{""music_continuity"":1.0,""model_end_agreement"":0.763,""speech_overlap"":1.0,""ina_speech_duration"":0.916}",find-your-harmony-511-d001,0.95,False,detection_sous_seuil,abstention,abstention_no_temporal_base_and_confidence_below_minimum
find-your-harmony-511,Find Your Harmony Episode #511,152.4,0.9752,110.52,152.4,41.88,225.06,72.66,148.194,152.542,0.142,4.206,"{""music_continuity"":1.0,""model_end_agreement"":0.929,""speech_overlap"":1.0,""ina_speech_duration"":1.0}",find-your-harmony-511-d002,0.95,True,suggestion_ecoute_uniquement,abstention,abstention_no_temporal_base
find-your-harmony-511,Find Your Harmony Episode #511,1231.66,0.9857,1223.62,1231.66,8.04,1487.2,255.54,1223.458,1231.742,0.082,8.04,"{""music_continuity"":1.0,""model_end_agreement"":0.959,""speech_overlap"":1.0,""ina_speech_duration"":1.0}",find-your-harmony-511-d003,0.95,True,suggestion_ecoute_uniquement,abstention,abstention_no_temporal_base
find-your-harmony-511,Find Your Harmony Episode #511,1523.16,0.917,1487.2,1523.16,35.96,2302.76,779.6,1507.138,1522.686,0.474,15.548,"{""music_continuity"":1.0,""model_end_agreement"":0.763,""speech_overlap"":1.0,""ina_speech_duration"":1.0}",find-your-harmony-511-d004,0.95,False,detection_sous_seuil,abstention,abstention_no_temporal_base_and_confidence_below_minimum
find-your-harmony-511,Find Your Harmony Episode #511,2590.04,0.9709,2505.2,2590.04,84.84,3602.84,1012.8,2585.986,2590.206,0.166,4.054,"{""music_continuity"":1.0,""model_end_agreement"":0.917,""speech_overlap"":1.0,""ina_speech_duration"":1.0}",find-your-harmony-511-d005,0.95,True,suggestion_ecoute_uniquement,abstention,abstention_no_temporal_base
find-your-harmony-511,Find Your Harmony Episode #511,3642.2,0.9831,3637.82,3642.2,4.38,3716.96,74.76,3637.89,3642.174,0.026,4.284,"{""music_continuity"":1.0,""model_end_agreement"":0.987,""speech_overlap"":1.0,""ina_speech_duration"":0.876}",find-your-harmony-511-d006,0.95,True,suggestion_ecoute_uniquement,abstention,abstention_no_temporal_base
find-your-harmony-511,Find Your Harmony Episode #511,4853.66,0.9549,4770.06,4853.66,83.6,5383.9,530.24,4850.466,4853.918,0.258,3.194,"{""music_continuity"":1.0,""model_end_agreement"":0.871,""speech_overlap"":1.0,""ina_speech_duration"":1.0}",find-your-harmony-511-d007,0.95,True,suggestion_ecoute_uniquement,abstention,abstention_no_temporal_base
find-your-harmony-511,Find Your Harmony Episode #511,5721.62,0.9759,5711.5,5721.62,10.12,6059.32,337.7,5716.802,5721.758,0.138,4.818,"{""music_continuity"":1.0,""model_end_agreement"":0.931,""speech_overlap"":1.0,""ina_speech_duration"":1.0}",find-your-harmony-511-d008,0.95,True,suggestion_ecoute_uniquement,abstention,abstention_no_temporal_base
find-your-harmony-511,Find Your Harmony Episode #511,6650.2,0.8477,6646.6,6650.2,3.6,6716.16,65.96,6646.626,6650.91,0.71,3.574,"{""music_continuity"":1.0,""model_end_agreement"":0.645,""speech_overlap"":1.0,""ina_speech_duration"":0.72}",find-your-harmony-511-d009,0.95,False,detection_sous_seuil,abstention,abstention_no_temporal_base_and_confidence_below_minimum
find-your-harmony-511,Find Your Harmony Episode #511,7080.52,0.9926,7069.8,7080.52,10.72,7346.98,266.46,7076.93,7080.478,0.042,3.548,"{""music_continuity"":1.0,""model_end_agreement"":0.979,""speech_overlap"":1.0,""ina_speech_duration"":1.0}",find-your-harmony-511-d010,0.95,True,suggestion_ecoute_uniquement,abstention,abstention_no_temporal_base
