candidate_number,candidate_artist,candidate_title,method,catalog_status,catalog_score,preview_downloaded
1,Mhammed El Alami & Josie Sandfeld,Keep On Running,deezer_preview_landmark_assisted,unavailable_or_rejected,,False
2,Against All Ødds,Save Me,deezer_preview_landmark_assisted,accepted_public_preview,100,True
3,Elite Electronic,Shadows,deezer_preview_landmark_assisted,unavailable_or_rejected,100,False
4,Phillip Castle & Aldor,Embrace The Night,deezer_preview_landmark_assisted,accepted_public_preview,85,True
5,Freak E Beatz & JASSKALL,No Escape,deezer_preview_landmark_assisted,accepted_public_preview,85,True
6,Adriatique,Palm Of Your Hands,deezer_preview_landmark_assisted,unavailable_or_rejected,,False
7,Vassmo,Stay,deezer_preview_landmark_assisted,unavailable_or_rejected,,False
8,Cubicore,Black Light,deezer_preview_landmark_assisted,accepted_public_preview,100,True
9,Benny Benassi & Hypaton feat. Sandy Chambers,Illusion,deezer_preview_landmark_assisted,accepted_public_preview,70,True
10,"Mike Williams, Three Drives, ANTICALM",Greece 2000,deezer_preview_landmark_assisted,unavailable_or_rejected,,False
11,"Genix, Dosem",Transit Point (Genix Mix),deezer_preview_landmark_assisted,accepted_public_preview,78,True
12,Spoiled and Zigo,More & More (BLR Remix),deezer_preview_landmark_assisted,unavailable_or_rejected,,False
13,"Ashley Wallbridge, The Paper Outlet",Forever Young,deezer_preview_landmark_assisted,accepted_public_preview,73,True
14,Markus Schulz,Second Tomorrow,deezer_preview_landmark_assisted,accepted_public_preview,100,True
15,Victor Ruiz & KURA,FSU,deezer_preview_landmark_assisted,unavailable_or_rejected,,False
16,MAXTAGE & Fathom (EG),The Right Place (RAYEL Remix),deezer_preview_landmark_assisted,accepted_public_preview,78,True
17,Andrew Rayel pres. EXTASIA,Dreaming (Giuseppe Ottaviani Remix),deezer_preview_landmark_assisted,unavailable_or_rejected,,False
18,MIDI Kitty and Derek Ryan,Miles Away,deezer_preview_landmark_assisted,unavailable_or_rejected,64,False
19,Paul Denton & EKE,Next To Me (Club Mix),deezer_preview_landmark_assisted,unavailable_or_rejected,,False
20,RAM & Susana pres. Tales Of Life,The Power of Love (Alex M.O.R.P.H. Remix),deezer_preview_landmark_assisted,unavailable_or_rejected,,False
21,Giuseppe Ottaviani & Ilan Bluestone,Together Again,deezer_preview_landmark_assisted,accepted_public_preview,78,True
22,"Aly & Fila, Susie Ledge, Roman Messer, Anton Pallmer",Carry Me Away,deezer_preview_landmark_assisted,unavailable_or_rejected,,False
23,John Askew,Through The Looking Glass (Nikolauss Remix),deezer_preview_landmark_assisted,accepted_public_preview,100,True
24,Andrew Rayel,Acid On The Train (David Forbes Remix),deezer_preview_landmark_assisted,accepted_public_preview,100,True
25,Armin van Buuren feat. Sharon Den Adel,In And Out Of Love (Ben Hemsley Remix),deezer_preview_landmark_assisted,accepted_public_preview,74,True
26,Xincher & Rav3ver,Echo,deezer_preview_landmark_assisted,accepted_public_preview,78,True
27,RAM & Richard Durand presents Digital Culture,La La La,deezer_preview_landmark_assisted,unavailable_or_rejected,,False
28,Matt Bukovski & CJ Stone,Stars,deezer_preview_landmark_assisted,accepted_public_preview,85,True
29,"LAWTON, Trancemaster Krause & Caroline Roxy",Believe In,deezer_preview_landmark_assisted,unavailable_or_rejected,64,False
30,"Olly James, Panteros666 & Evil Twiin",Berlin '99,deezer_preview_landmark_assisted,accepted_public_preview,73,True
31,Maurya Sevak & Jake Ryan,Sata Sata,deezer_preview_landmark_assisted,accepted_public_preview,78,True
32,Ferry Corsten,Sweet Sorrow (The Thrillseekers Remix 2004),deezer_preview_landmark_assisted,unavailable_or_rejected,,False
