episode_id,boundary_id,source_order,track_artist,track_title,base_provenance,base_time_seconds,retained_detection_id,retained_detection_time_seconds,retained_detection_confidence,combined_time_seconds,displacement_seconds,decision,reason
find-your-harmony-511,find-your-harmony-511-t01,1,Krismi & ANTHYM,Mirage [Magik Muzik],description RSS Podbean,,,,,,,abstention,abstention_no_temporal_base
find-your-harmony-511,find-your-harmony-511-t02,2,Freak E Beatz & JASSKALL,No Escape [RISING HRMNY],description RSS Podbean,,,,,,,abstention,abstention_no_temporal_base
find-your-harmony-511,find-your-harmony-511-t03,3,Phillip Castle & Aldor,Embrace The Night [RISING HRMNY],description RSS Podbean,,,,,,,abstention,abstention_no_temporal_base
find-your-harmony-511,find-your-harmony-511-t04,4,Matt Fax,Blow [Spectrum (NL)],description RSS Podbean,,,,,,,abstention,abstention_no_temporal_base
find-your-harmony-511,find-your-harmony-511-t05,5,ARTBAT & David Guetta feat. Gotye & Kimbra,Somebody That I Used To Know [Interscope],description RSS Podbean,,,,,,,abstention,abstention_no_temporal_base
find-your-harmony-511,find-your-harmony-511-t06,6,Benny Benassi & Hypaton feat. Sandy Chambers,Illusion [d:vision],description RSS Podbean,,,,,,,abstention,abstention_no_temporal_base
find-your-harmony-511,find-your-harmony-511-t07,7,Cubicore,Black Light [Find Your Harmony],description RSS Podbean,,,,,,,abstention,abstention_no_temporal_base
find-your-harmony-511,find-your-harmony-511-t08,8,Dennis Sheperd x Antonio Moreno,Can You Hear Me (Deep Mix) [Find Your Harmony],description RSS Podbean,,,,,,,abstention,abstention_no_temporal_base
find-your-harmony-511,find-your-harmony-511-t09,9,"Kevin de Vries, Stylo, Monte",Be My Own [SPINNIN'],description RSS Podbean,,,,,,,abstention,abstention_no_temporal_base
find-your-harmony-511,find-your-harmony-511-t10,10,Scorz,Stay Close [Armada],description RSS Podbean,,,,,,,abstention,abstention_no_temporal_base
find-your-harmony-511,find-your-harmony-511-t11,11,Goom Gum,March [Armind],description RSS Podbean,,,,,,,abstention,abstention_no_temporal_base
find-your-harmony-511,find-your-harmony-511-t12,12,TALKOFTHETOWN,To The Fore [Eliptical Sun],description RSS Podbean,,,,,,,abstention,abstention_no_temporal_base
find-your-harmony-511,find-your-harmony-511-t13,13,Alexander Popov & Nat Dankir,The Trace [Interplay],description RSS Podbean,,,,,,,abstention,abstention_no_temporal_base
find-your-harmony-511,find-your-harmony-511-t14,14,Andrew Rayel,Neon Glow [Find Your Harmony],description RSS Podbean,,,,,,,abstention,abstention_no_temporal_base
find-your-harmony-511,find-your-harmony-511-t15,15,ALPHA 9,Warning Lights [Dreamstate],description RSS Podbean,,,,,,,abstention,abstention_no_temporal_base
find-your-harmony-511,find-your-harmony-511-t16,16,"Armin van Buuren, Pete Tong & Poppy Baskcomb",Toca's Miracle [Ministry Of Sound],description RSS Podbean,,,,,,,abstention,abstention_no_temporal_base
find-your-harmony-511,find-your-harmony-511-t17,17,MAXTAGE & Fathom (EG),The Right Place (RAYEL Remix) [Find Your Harmony],description RSS Podbean,,,,,,,abstention,abstention_no_temporal_base
find-your-harmony-511,find-your-harmony-511-t18,18,"Above & Beyond, Zoë Johnston, Mark Sherry",Quicksand (Don't Go) (Mark Sherry Remix) [Anjunabeats],description RSS Podbean,,,,,,,abstention,abstention_no_temporal_base
find-your-harmony-511,find-your-harmony-511-t19,19,BiXX & Susana,Best Is Yet To Come [Nocturnal Knights],description RSS Podbean,,,,,,,abstention,abstention_no_temporal_base
find-your-harmony-511,find-your-harmony-511-t20,20,4 Strings & Stargazers & Andrea Britton,Catch A Fall [Amsterdam Trance],description RSS Podbean,,,,,,,abstention,abstention_no_temporal_base
find-your-harmony-511,find-your-harmony-511-t21,21,Giuseppe Ottaviani & Ilan Bluestone,Together Again [A State Of Trance],description RSS Podbean,,,,,,,abstention,abstention_no_temporal_base
find-your-harmony-511,find-your-harmony-511-t22,22,Ayda,Radiance [2Rock Recordings],description RSS Podbean,,,,,,,abstention,abstention_no_temporal_base
find-your-harmony-511,find-your-harmony-511-t23,23,Paul Webster & Christina Novelli,Flame That Never Dies [Muse Music],description RSS Podbean,,,,,,,abstention,abstention_no_temporal_base
find-your-harmony-511,find-your-harmony-511-t24,24,"Technikal, Nylon, Steve Hill",If You Love Me (Luvstruck Remix) [Tidy Two],description RSS Podbean,,,,,,,abstention,abstention_no_temporal_base
find-your-harmony-511,find-your-harmony-511-t25,25,Andrew Rayel,Acid On The Train (David Forbes Remix) [Find Your Harmony],description RSS Podbean,,,,,,,abstention,abstention_no_temporal_base
find-your-harmony-511,find-your-harmony-511-t26,26,Armin van Buuren feat. Sharon Den Adel,In And Out Of Love (Ben Hemsley Remix) [Armind],description RSS Podbean,,,,,,,abstention,abstention_no_temporal_base
find-your-harmony-511,find-your-harmony-511-t27,27,RAM & Frankyeffe,Raver's Delight [Black Hole],description RSS Podbean,,,,,,,abstention,abstention_no_temporal_base
find-your-harmony-511,find-your-harmony-511-t28,28,David Wynne,Echoes Of Tomorrow [Outburst],description RSS Podbean,,,,,,,abstention,abstention_no_temporal_base
find-your-harmony-511,find-your-harmony-511-t29,29,"Kohey, TRID3NT & Hunich",We Are Awake [Reaching Altitude],description RSS Podbean,,,,,,,abstention,abstention_no_temporal_base
find-your-harmony-511,find-your-harmony-511-t30,30,Ravekings & JSPH,Come With Me [SubHarmony],description RSS Podbean,,,,,,,abstention,abstention_no_temporal_base
find-your-harmony-511,find-your-harmony-511-t31,31,Lewis Laite,FKN RAVE [SubHarmony],description RSS Podbean,,,,,,,abstention,abstention_no_temporal_base
find-your-harmony-511,find-your-harmony-511-t32,32,Maurya Sevak & Jake Ryan,Sata Sata [SubHarmony],description RSS Podbean,,,,,,,abstention,abstention_no_temporal_base
find-your-harmony-511,find-your-harmony-511-t33,33,Hemstock & Jennings,Mirage (of Hope) (Lange Remix) [Five AM],description RSS Podbean,,,,,,,abstention,abstention_no_temporal_base
