algorithm_track_index,algorithm_time_seconds,algorithm_origin,internal_confidence,internal_confidence_kind,independent_artist,independent_title,independent_title_confidence,title_decision
1,0.0,audio_start,,robust_novelty_z_not_probability,,,,abstention_no_secret_free_independent_identifier
2,162.69,audio_spectral_transition_assisted_by_rss_track_count,3.239927,robust_novelty_z_not_probability,,,,abstention_no_secret_free_independent_identifier
3,339.71,audio_spectral_transition_assisted_by_rss_track_count,5.809463,robust_novelty_z_not_probability,,,,abstention_no_secret_free_independent_identifier
4,525.44,audio_spectral_transition_assisted_by_rss_track_count,5.406855,robust_novelty_z_not_probability,,,,abstention_no_secret_free_independent_identifier
5,783.62,audio_spectral_transition_assisted_by_rss_track_count,4.201146,robust_novelty_z_not_probability,,,,abstention_no_secret_free_independent_identifier
6,1007.94,audio_spectral_transition_assisted_by_rss_track_count,5.340807,robust_novelty_z_not_probability,,,,abstention_no_secret_free_independent_identifier
7,1233.6,audio_spectral_transition_assisted_by_rss_track_count,6.553729,robust_novelty_z_not_probability,,,,abstention_no_secret_free_independent_identifier
8,1556.93,audio_spectral_transition_assisted_by_rss_track_count,4.356303,robust_novelty_z_not_probability,,,,abstention_no_secret_free_independent_identifier
9,1807.17,audio_spectral_transition_assisted_by_rss_track_count,8.770696,robust_novelty_z_not_probability,,,,abstention_no_secret_free_independent_identifier
10,2208.0,audio_spectral_transition_assisted_by_rss_track_count,11.8497,robust_novelty_z_not_probability,,,,abstention_no_secret_free_independent_identifier
11,2409.73,audio_spectral_transition_assisted_by_rss_track_count,7.340172,robust_novelty_z_not_probability,,,,abstention_no_secret_free_independent_identifier
12,2520.26,audio_spectral_transition_assisted_by_rss_track_count,11.12268,robust_novelty_z_not_probability,,,,abstention_no_secret_free_independent_identifier
13,2618.56,audio_spectral_transition_assisted_by_rss_track_count,3.014354,robust_novelty_z_not_probability,,,,abstention_no_secret_free_independent_identifier
14,2919.68,audio_spectral_transition_assisted_by_rss_track_count,7.891344,robust_novelty_z_not_probability,,,,abstention_no_secret_free_independent_identifier
15,2984.64,audio_spectral_transition_assisted_by_rss_track_count,20.352549,robust_novelty_z_not_probability,,,,abstention_no_secret_free_independent_identifier
16,3184.38,audio_spectral_transition_assisted_by_rss_track_count,4.356768,robust_novelty_z_not_probability,,,,abstention_no_secret_free_independent_identifier
17,3907.39,audio_spectral_transition_assisted_by_rss_track_count,4.868643,robust_novelty_z_not_probability,,,,abstention_no_secret_free_independent_identifier
18,4048.19,audio_spectral_transition_assisted_by_rss_track_count,4.809672,robust_novelty_z_not_probability,,,,abstention_no_secret_free_independent_identifier
19,4157.82,audio_spectral_transition_assisted_by_rss_track_count,5.439119,robust_novelty_z_not_probability,,,,abstention_no_secret_free_independent_identifier
20,4436.16,audio_spectral_transition_assisted_by_rss_track_count,6.752467,robust_novelty_z_not_probability,,,,abstention_no_secret_free_independent_identifier
21,4663.17,audio_spectral_transition_assisted_by_rss_track_count,23.27253,robust_novelty_z_not_probability,,,,abstention_no_secret_free_independent_identifier
22,4742.27,audio_spectral_transition_assisted_by_rss_track_count,4.579929,robust_novelty_z_not_probability,,,,abstention_no_secret_free_independent_identifier
23,5375.74,audio_spectral_transition_assisted_by_rss_track_count,4.270372,robust_novelty_z_not_probability,,,,abstention_no_secret_free_independent_identifier
24,5587.97,audio_spectral_transition_assisted_by_rss_track_count,4.8536,robust_novelty_z_not_probability,,,,abstention_no_secret_free_independent_identifier
25,5643.14,audio_spectral_transition_assisted_by_rss_track_count,7.760995,robust_novelty_z_not_probability,,,,abstention_no_secret_free_independent_identifier
26,5734.78,audio_spectral_transition_assisted_by_rss_track_count,29.408943,robust_novelty_z_not_probability,,,,abstention_no_secret_free_independent_identifier
27,5858.11,audio_spectral_transition_assisted_by_rss_track_count,7.520041,robust_novelty_z_not_probability,,,,abstention_no_secret_free_independent_identifier
28,6107.07,audio_spectral_transition_assisted_by_rss_track_count,5.51338,robust_novelty_z_not_probability,,,,abstention_no_secret_free_independent_identifier
29,6187.58,audio_spectral_transition_assisted_by_rss_track_count,14.401869,robust_novelty_z_not_probability,,,,abstention_no_secret_free_independent_identifier
30,6434.56,audio_spectral_transition_assisted_by_rss_track_count,3.545222,robust_novelty_z_not_probability,,,,abstention_no_secret_free_independent_identifier
31,6639.1,audio_spectral_transition_assisted_by_rss_track_count,7.157321,robust_novelty_z_not_probability,,,,abstention_no_secret_free_independent_identifier
32,7013.25,audio_spectral_transition_assisted_by_rss_track_count,12.021187,robust_novelty_z_not_probability,,,,abstention_no_secret_free_independent_identifier
