episode_id,episode_title,algorithm_time_seconds,confidence,ina_speech_start_seconds,ina_speech_end_seconds,ina_speech_duration_seconds,ina_music_end_seconds,ina_music_duration_seconds,silero_speech_start_seconds,silero_speech_end_seconds,model_end_gap_seconds,speech_overlap_seconds,confidence_components,detection_id,passes_reliable_threshold,boundary_role,identity_confirmed
find-your-harmony-512,Find Your Harmony Episode #512,4.58,0.9086,0.0,4.58,4.58,77.94,73.36,0.514,5.054,0.474,4.066,"{""music_continuity"":1.0,""model_end_agreement"":0.763,""speech_overlap"":1.0,""ina_speech_duration"":0.916}",find-your-harmony-512-d001,False,experimental_voice_boundary_not_final_track_boundary,False
find-your-harmony-512,Find Your Harmony Episode #512,120.0,0.9884,77.94,120.0,42.06,154.54,34.54,113.218,119.934,0.066,6.716,"{""music_continuity"":1.0,""model_end_agreement"":0.967,""speech_overlap"":1.0,""ina_speech_duration"":1.0}",find-your-harmony-512-d002,True,experimental_voice_boundary_not_final_track_boundary,False
find-your-harmony-512,Find Your Harmony Episode #512,1389.16,0.8166,1383.18,1389.16,5.98,1614.92,225.76,1388.77,1389.214,0.054,0.39,"{""music_continuity"":1.0,""model_end_agreement"":0.973,""speech_overlap"":0.13,""ina_speech_duration"":1.0}",find-your-harmony-512-d003,False,experimental_voice_boundary_not_final_track_boundary,False
find-your-harmony-512,Find Your Harmony Episode #512,1651.52,0.7694,1614.92,1651.52,36.6,2327.92,676.4,1650.0,1650.974,0.546,0.974,"{""music_continuity"":1.0,""model_end_agreement"":0.727,""speech_overlap"":0.3247,""ina_speech_duration"":1.0}",find-your-harmony-512-d004,False,experimental_voice_boundary_not_final_track_boundary,False
find-your-harmony-512,Find Your Harmony Episode #512,2365.68,0.9864,2352.34,2365.68,13.34,2616.06,250.38,2360.93,2365.758,0.078,4.75,"{""music_continuity"":1.0,""model_end_agreement"":0.961,""speech_overlap"":1.0,""ina_speech_duration"":1.0}",find-your-harmony-512-d005,True,experimental_voice_boundary_not_final_track_boundary,False
find-your-harmony-512,Find Your Harmony Episode #512,3391.04,0.8435,3377.18,3391.04,13.86,3472.32,81.28,3383.842,3391.934,0.894,7.198,"{""music_continuity"":1.0,""model_end_agreement"":0.553,""speech_overlap"":1.0,""ina_speech_duration"":1.0}",find-your-harmony-512-d006,False,experimental_voice_boundary_not_final_track_boundary,False
find-your-harmony-512,Find Your Harmony Episode #512,3632.38,0.9269,3582.46,3632.38,49.92,5151.42,1519.04,3626.21,3632.798,0.418,6.17,"{""music_continuity"":1.0,""model_end_agreement"":0.791,""speech_overlap"":1.0,""ina_speech_duration"":1.0}",find-your-harmony-512-d007,False,experimental_voice_boundary_not_final_track_boundary,False
find-your-harmony-512,Find Your Harmony Episode #512,5349.38,0.9698,5345.28,5349.38,4.1,5862.14,512.76,5345.378,5349.31,0.07,3.932,"{""music_continuity"":1.0,""model_end_agreement"":0.965,""speech_overlap"":1.0,""ina_speech_duration"":0.82}",find-your-harmony-512-d008,True,experimental_voice_boundary_not_final_track_boundary,False
find-your-harmony-512,Find Your Harmony Episode #512,6657.16,0.5177,6645.28,6657.16,11.88,6836.96,179.8,6654.978,6655.39,1.77,0.412,"{""music_continuity"":1.0,""model_end_agreement"":0.115,""speech_overlap"":0.1373,""ina_speech_duration"":1.0}",find-your-harmony-512-d009,False,experimental_voice_boundary_not_final_track_boundary,False
find-your-harmony-512,Find Your Harmony Episode #512,6975.72,0.9626,6952.62,6975.72,23.1,7210.72,235.0,6972.194,6975.934,0.214,3.526,"{""music_continuity"":1.0,""model_end_agreement"":0.893,""speech_overlap"":1.0,""ina_speech_duration"":1.0}",find-your-harmony-512-d010,True,experimental_voice_boundary_not_final_track_boundary,False
